Participant ID,time,watched_title,clean_title,watch_action_prefix,watch_action_language_hint,url,video_id,channel_title,channel_url,channel_id
Alma,2025-03-24 07:32:25.697000+00:00,Watched Demo video 072,Demo video 072,Watched,English,https://www.youtube.com/watch?v=VID00000072,VID00000072,Demo channel 051,https://www.youtube.com/channel/UCDEMOCHANNEL00000051,UCDEMOCHANNEL00000051
Alma,2025-03-13 13:53:45.738000+00:00,Watched Demo video 213,Demo video 213,Watched,English,https://www.youtube.com/watch?v=VID00000213,VID00000213,Demo channel 067,https://www.youtube.com/channel/UCDEMOCHANNEL00000067,UCDEMOCHANNEL00000067
Alma,2025-02-04 21:01:38.803000+00:00,Watched Demo video 051,Demo video 051,Watched,English,https://www.youtube.com/watch?v=VID00000051,VID00000051,Demo channel 081,https://www.youtube.com/channel/UCDEMOCHANNEL00000081,UCDEMOCHANNEL00000081
Alma,2025-01-30 11:00:54.583000+00:00,Watched Demo video 122,Demo video 122,Watched,English,https://www.youtube.com/watch?v=VID00000122,VID00000122,Demo channel 027,https://www.youtube.com/channel/UCDEMOCHANNEL00000027,UCDEMOCHANNEL00000027
Alma,2024-12-13 07:07:08.189000+00:00,Watched Demo video 157,Demo video 157,Watched,English,https://www.youtube.com/watch?v=VID00000157,VID00000157,Demo channel 137,https://www.youtube.com/channel/UCDEMOCHANNEL00000137,UCDEMOCHANNEL00000137
Alma,2024-11-18 21:16:12.824000+00:00,Watched Demo video 264,Demo video 264,Watched,English,https://www.youtube.com/watch?v=VID00000264,VID00000264,Demo channel 105,https://www.youtube.com/channel/UCDEMOCHANNEL00000105,UCDEMOCHANNEL00000105
Alma,2024-11-18 11:53:00.638000+00:00,Watched Demo video 233,Demo video 233,Watched,English,https://www.youtube.com/watch?v=VID00000233,VID00000233,Demo channel 007,https://www.youtube.com/channel/UCDEMOCHANNEL00000007,UCDEMOCHANNEL00000007
Alma,2024-11-18 11:39:28.361000+00:00,Watched Demo video 110,Demo video 110,Watched,English,https://www.youtube.com/watch?v=VID00000110,VID00000110,Demo channel 007,https://www.youtube.com/channel/UCDEMOCHANNEL00000007,UCDEMOCHANNEL00000007
Alma,2024-11-10 11:16:26.506000+00:00,Watched Demo video 270,Demo video 270,Watched,English,https://www.youtube.com/watch?v=VID00000270,VID00000270,Demo channel 162,https://www.youtube.com/channel/UCDEMOCHANNEL00000162,UCDEMOCHANNEL00000162
Alma,2024-10-30 21:54:50.417000+00:00,Watched Demo video 018,Demo video 018,Watched,English,https://www.youtube.com/watch?v=VID00000018,VID00000018,Demo channel 023,https://www.youtube.com/channel/UCDEMOCHANNEL00000023,UCDEMOCHANNEL00000023
Alma,2024-09-24 09:26:02.938000+00:00,Watched Demo video 150,Demo video 150,Watched,English,https://www.youtube.com/watch?v=VID00000150,VID00000150,Demo channel 171,https://www.youtube.com/channel/UCDEMOCHANNEL00000171,UCDEMOCHANNEL00000171
Alma,2024-09-13 13:52:08.470000+00:00,Watched Demo video 020,Demo video 020,Watched,English,https://www.youtube.com/watch?v=VID00000020,VID00000020,Demo channel 165,https://www.youtube.com/channel/UCDEMOCHANNEL00000165,UCDEMOCHANNEL00000165
Alma,2024-08-15 14:00:23.414000+00:00,Watched Demo video 191,Demo video 191,Watched,English,https://www.youtube.com/watch?v=VID00000191,VID00000191,Demo channel 109,https://www.youtube.com/channel/UCDEMOCHANNEL00000109,UCDEMOCHANNEL00000109
Alma,2024-06-14 10:10:38.841000+00:00,Watched Demo video 059,Demo video 059,Watched,English,https://www.youtube.com/watch?v=VID00000059,VID00000059,Demo channel 015,https://www.youtube.com/channel/UCDEMOCHANNEL00000015,UCDEMOCHANNEL00000015
Alma,2024-04-26 21:14:33.220000+00:00,Watched Demo video 187,Demo video 187,Watched,English,https://www.youtube.com/watch?v=VID00000187,VID00000187,Demo channel 057,https://www.youtube.com/channel/UCDEMOCHANNEL00000057,UCDEMOCHANNEL00000057
Alma,2024-04-26 21:12:16.231000+00:00,Watched Demo video 059,Demo video 059,Watched,English,https://www.youtube.com/watch?v=VID00000059,VID00000059,Demo channel 015,https://www.youtube.com/channel/UCDEMOCHANNEL00000015,UCDEMOCHANNEL00000015
Alma,2024-04-24 14:19:15.637000+00:00,Watched Demo video 185,Demo video 185,Watched,English,https://www.youtube.com/watch?v=VID00000185,VID00000185,Demo channel 134,https://www.youtube.com/channel/UCDEMOCHANNEL00000134,UCDEMOCHANNEL00000134
Alma,2024-04-15 08:07:47.022000+00:00,Watched Demo video 202,Demo video 202,Watched,English,https://www.youtube.com/watch?v=VID00000202,VID00000202,Demo channel 042,https://www.youtube.com/channel/UCDEMOCHANNEL00000042,UCDEMOCHANNEL00000042
Alma,2024-02-23 18:05:32.433000+00:00,Watched Demo video 261,Demo video 261,Watched,English,https://www.youtube.com/watch?v=VID00000261,VID00000261,Demo channel 030,https://www.youtube.com/channel/UCDEMOCHANNEL00000030,UCDEMOCHANNEL00000030
Alma,2023-12-05 10:42:22.434000+00:00,Watched Demo video 199,Demo video 199,Watched,English,https://www.youtube.com/watch?v=VID00000199,VID00000199,Demo channel 039,https://www.youtube.com/channel/UCDEMOCHANNEL00000039,UCDEMOCHANNEL00000039
Alma,2023-09-15 12:06:16.217000+00:00,Watched Demo video 226,Demo video 226,Watched,English,https://www.youtube.com/watch?v=VID00000226,VID00000226,Demo channel 171,https://www.youtube.com/channel/UCDEMOCHANNEL00000171,UCDEMOCHANNEL00000171
Alma,2023-06-09 07:44:09.514000+00:00,Watched Demo video 138,Demo video 138,Watched,English,https://www.youtube.com/watch?v=VID00000138,VID00000138,Demo channel 072,https://www.youtube.com/channel/UCDEMOCHANNEL00000072,UCDEMOCHANNEL00000072
Alma,2023-04-04 06:35:44.595000+00:00,Watched Demo video 297,Demo video 297,Watched,English,https://www.youtube.com/watch?v=VID00000297,VID00000297,Demo channel 069,https://www.youtube.com/channel/UCDEMOCHANNEL00000069,UCDEMOCHANNEL00000069
Alma,2022-10-28 11:41:49.175000+00:00,Watched Demo video 237,Demo video 237,Watched,English,https://www.youtube.com/watch?v=VID00000237,VID00000237,Demo channel 036,https://www.youtube.com/channel/UCDEMOCHANNEL00000036,UCDEMOCHANNEL00000036
Alma,2022-10-26 16:23:14.661000+00:00,Watched Demo video 117,Demo video 117,Watched,English,https://www.youtube.com/watch?v=VID00000117,VID00000117,Demo channel 093,https://www.youtube.com/channel/UCDEMOCHANNEL00000093,UCDEMOCHANNEL00000093
Alma,2022-10-24 08:12:22.493000+00:00,Watched Demo video 196,Demo video 196,Watched,English,https://www.youtube.com/watch?v=VID00000196,VID00000196,Demo channel 037,https://www.youtube.com/channel/UCDEMOCHANNEL00000037,UCDEMOCHANNEL00000037
Alma,2022-06-17 14:43:10.824000+00:00,Watched Demo video 207,Demo video 207,Watched,English,https://www.youtube.com/watch?v=VID00000207,VID00000207,Demo channel 143,https://www.youtube.com/channel/UCDEMOCHANNEL00000143,UCDEMOCHANNEL00000143
Alma,2022-06-17 14:41:36.473000+00:00,Watched Demo video 195,Demo video 195,Watched,English,https://www.youtube.com/watch?v=VID00000195,VID00000195,Demo channel 116,https://www.youtube.com/channel/UCDEMOCHANNEL00000116,UCDEMOCHANNEL00000116
Alma,2022-06-03 09:43:18.227000+00:00,Watched Demo video 014,Demo video 014,Watched,English,https://www.youtube.com/watch?v=VID00000014,VID00000014,,,
Alma,2022-03-17 12:53:47.338000+00:00,Watched Demo video 278,Demo video 278,Watched,English,https://www.youtube.com/watch?v=VID00000278,VID00000278,Demo channel 044,https://www.youtube.com/channel/UCDEMOCHANNEL00000044,UCDEMOCHANNEL00000044
Alma,2020-09-11 13:45:01.848000+00:00,Watched Demo video 085,Demo video 085,Watched,English,https://www.youtube.com/watch?v=VID00000085,VID00000085,Demo channel 068,https://www.youtube.com/channel/UCDEMOCHANNEL00000068,UCDEMOCHANNEL00000068
Alma,2020-09-07 11:26:03.954000+00:00,Watched Demo video 247,Demo video 247,Watched,English,https://www.youtube.com/watch?v=VID00000247,VID00000247,Demo channel 113,https://www.youtube.com/channel/UCDEMOCHANNEL00000113,UCDEMOCHANNEL00000113
Alma,2020-04-17 08:37:02.714000+00:00,Watched Demo video 144,Demo video 144,Watched,English,https://www.youtube.com/watch?v=VID00000144,VID00000144,Demo channel 011,https://www.youtube.com/channel/UCDEMOCHANNEL00000011,UCDEMOCHANNEL00000011
Alma,2020-03-23 11:08:01.776000+00:00,Watched Demo video 162,Demo video 162,Watched,English,https://www.youtube.com/watch?v=VID00000162,VID00000162,Demo channel 016,https://www.youtube.com/channel/UCDEMOCHANNEL00000016,UCDEMOCHANNEL00000016
Alma,2020-03-04 09:27:07.619000+00:00,Watched Demo video 052,Demo video 052,Watched,English,https://www.youtube.com/watch?v=VID00000052,VID00000052,Demo channel 091,https://www.youtube.com/channel/UCDEMOCHANNEL00000091,UCDEMOCHANNEL00000091
Alma,2020-03-03 19:59:09.463000+00:00,Watched Demo video 289,Demo video 289,Watched,English,https://www.youtube.com/watch?v=VID00000289,VID00000289,Demo channel 124,https://www.youtube.com/channel/UCDEMOCHANNEL00000124,UCDEMOCHANNEL00000124
Alma,2019-12-07 21:05:22.273000+00:00,Watched Demo video 015,Demo video 015,Watched,English,https://www.youtube.com/watch?v=VID00000015,VID00000015,Demo channel 140,https://www.youtube.com/channel/UCDEMOCHANNEL00000140,UCDEMOCHANNEL00000140
Alma,2019-07-31 09:08:37.454000+00:00,Watched Demo video 193,Demo video 193,Watched,English,https://www.youtube.com/watch?v=VID00000193,VID00000193,Demo channel 053,https://www.youtube.com/channel/UCDEMOCHANNEL00000053,UCDEMOCHANNEL00000053
Alma,2019-05-25 08:26:07.314000+00:00,Watched Demo video 083,Demo video 083,Watched,English,https://www.youtube.com/watch?v=VID00000083,VID00000083,Demo channel 018,https://www.youtube.com/channel/UCDEMOCHANNEL00000018,UCDEMOCHANNEL00000018
Alma,2019-03-30 11:40:45.716000+00:00,Watched Demo video 239,Demo video 239,Watched,English,https://www.youtube.com/watch?v=VID00000239,VID00000239,,,
Alma,2019-03-27 21:19:57.977000+00:00,Watched Demo video 184,Demo video 184,Watched,English,https://www.youtube.com/watch?v=VID00000184,VID00000184,Demo channel 148,https://www.youtube.com/channel/UCDEMOCHANNEL00000148,UCDEMOCHANNEL00000148
Alma,2019-03-27 21:14:48.427000+00:00,Watched Demo video 201,Demo video 201,Watched,English,https://www.youtube.com/watch?v=VID00000201,VID00000201,Demo channel 181,https://www.youtube.com/channel/UCDEMOCHANNEL00000181,UCDEMOCHANNEL00000181
Alma,2019-01-26 02:20:46.805000+00:00,Watched Demo video 151,Demo video 151,Watched,English,https://www.youtube.com/watch?v=VID00000151,VID00000151,Demo channel 020,https://www.youtube.com/channel/UCDEMOCHANNEL00000020,UCDEMOCHANNEL00000020
Alma,2018-09-07 08:44:49.856000+00:00,Watched Demo video 288,Demo video 288,Watched,English,https://www.youtube.com/watch?v=VID00000288,VID00000288,Demo channel 174,https://www.youtube.com/channel/UCDEMOCHANNEL00000174,UCDEMOCHANNEL00000174
Alma,2018-02-26 19:31:21.576000+00:00,Watched Demo video 230,Demo video 230,Watched,English,https://www.youtube.com/watch?v=VID00000230,VID00000230,Demo channel 160,https://www.youtube.com/channel/UCDEMOCHANNEL00000160,UCDEMOCHANNEL00000160
Alma,2018-01-25 17:37:25.523000+00:00,Watched Demo video 048,Demo video 048,Watched,English,https://www.youtube.com/watch?v=VID00000048,VID00000048,Demo channel 154,https://www.youtube.com/channel/UCDEMOCHANNEL00000154,UCDEMOCHANNEL00000154
Alma,2017-11-24 11:35:44.865000+00:00,Watched Demo video 003,Demo video 003,Watched,English,https://www.youtube.com/watch?v=VID00000003,VID00000003,Demo channel 035,https://www.youtube.com/channel/UCDEMOCHANNEL00000035,UCDEMOCHANNEL00000035
Alma,2017-06-02 07:28:15.538000+00:00,Watched Demo video 078,Demo video 078,Watched,English,https://www.youtube.com/watch?v=VID00000078,VID00000078,,,
Alma,2016-04-20 08:52:18.592000+00:00,Watched Demo video 077,Demo video 077,Watched,English,https://www.youtube.com/watch?v=VID00000077,VID00000077,Demo channel 138,https://www.youtube.com/channel/UCDEMOCHANNEL00000138,UCDEMOCHANNEL00000138
Alma,2016-03-16 21:56:21.305000+00:00,Watched Demo video 182,Demo video 182,Watched,English,https://www.youtube.com/watch?v=VID00000182,VID00000182,Demo channel 096,https://www.youtube.com/channel/UCDEMOCHANNEL00000096,UCDEMOCHANNEL00000096
Alma,2016-02-17 00:55:18.401000+00:00,Watched Demo video 028,Demo video 028,Watched,English,https://www.youtube.com/watch?v=VID00000028,VID00000028,,,
Alma,2016-02-15 07:21:31.615000+00:00,Watched Demo video 111,Demo video 111,Watched,English,https://www.youtube.com/watch?v=VID00000111,VID00000111,Demo channel 171,https://www.youtube.com/channel/UCDEMOCHANNEL00000171,UCDEMOCHANNEL00000171
Alma,2016-02-15 07:10:40.140000+00:00,Watched Demo video 308,Demo video 308,Watched,English,https://www.youtube.com/watch?v=VID00000308,VID00000308,Demo channel 171,https://www.youtube.com/channel/UCDEMOCHANNEL00000171,UCDEMOCHANNEL00000171
Alma,2015-12-14 09:27:09.053000+00:00,Watched Demo video 112,Demo video 112,Watched,English,https://www.youtube.com/watch?v=VID00000112,VID00000112,Demo channel 060,https://www.youtube.com/channel/UCDEMOCHANNEL00000060,UCDEMOCHANNEL00000060
Alma,2015-11-22 22:31:48.427000+00:00,Watched Demo video 007,Demo video 007,Watched,English,https://www.youtube.com/watch?v=VID00000007,VID00000007,Demo channel 163,https://www.youtube.com/channel/UCDEMOCHANNEL00000163,UCDEMOCHANNEL00000163
Alma,2015-09-04 20:18:00.398000+00:00,Watched Demo video 056,Demo video 056,Watched,English,https://www.youtube.com/watch?v=VID00000056,VID00000056,Demo channel 029,https://www.youtube.com/channel/UCDEMOCHANNEL00000029,UCDEMOCHANNEL00000029
Alma,2015-09-03 10:18:03.803000+00:00,Watched Demo video 031,Demo video 031,Watched,English,https://www.youtube.com/watch?v=VID00000031,VID00000031,Demo channel 029,https://www.youtube.com/channel/UCDEMOCHANNEL00000029,UCDEMOCHANNEL00000029
Alma,2015-08-30 22:58:57.619000+00:00,Watched Demo video 219,Demo video 219,Watched,English,https://www.youtube.com/watch?v=VID00000219,VID00000219,Demo channel 133,https://www.youtube.com/channel/UCDEMOCHANNEL00000133,UCDEMOCHANNEL00000133
Alma,2015-08-22 16:43:59.032000+00:00,Watched Demo video 079,Demo video 079,Watched,English,https://www.youtube.com/watch?v=VID00000079,VID00000079,Demo channel 011,https://www.youtube.com/channel/UCDEMOCHANNEL00000011,UCDEMOCHANNEL00000011
Alma,2015-08-21 23:21:31.244000+00:00,Watched Demo video 211,Demo video 211,Watched,English,https://www.youtube.com/watch?v=VID00000211,VID00000211,Demo channel 104,https://www.youtube.com/channel/UCDEMOCHANNEL00000104,UCDEMOCHANNEL00000104
Alma,2015-08-14 15:54:05.882000+00:00,Watched Demo video 067,Demo video 067,Watched,English,https://www.youtube.com/watch?v=VID00000067,VID00000067,Demo channel 054,https://www.youtube.com/channel/UCDEMOCHANNEL00000054,UCDEMOCHANNEL00000054
Alma,2015-08-13 08:36:47.293000+00:00,Watched Demo video 243,Demo video 243,Watched,English,https://www.youtube.com/watch?v=VID00000243,VID00000243,Demo channel 017,https://www.youtube.com/channel/UCDEMOCHANNEL00000017,UCDEMOCHANNEL00000017
Alma,2015-08-08 15:56:04.335000+00:00,Watched Demo video 252,Demo video 252,Watched,English,https://www.youtube.com/watch?v=VID00000252,VID00000252,Demo channel 062,https://www.youtube.com/channel/UCDEMOCHANNEL00000062,UCDEMOCHANNEL00000062
Alma,2015-08-06 16:22:43.100000+00:00,Watched Demo video 123,Demo video 123,Watched,English,https://www.youtube.com/watch?v=VID00000123,VID00000123,Demo channel 011,https://www.youtube.com/channel/UCDEMOCHANNEL00000011,UCDEMOCHANNEL00000011
Alma,2015-08-05 09:56:43.232000+00:00,Watched Demo video 030,Demo video 030,Watched,English,https://www.youtube.com/watch?v=VID00000030,VID00000030,Demo channel 152,https://www.youtube.com/channel/UCDEMOCHANNEL00000152,UCDEMOCHANNEL00000152
Alma,2015-07-27 10:43:38.395000+00:00,Watched Demo video 067,Demo video 067,Watched,English,https://www.youtube.com/watch?v=VID00000067,VID00000067,Demo channel 054,https://www.youtube.com/channel/UCDEMOCHANNEL00000054,UCDEMOCHANNEL00000054
Alma,2015-07-25 16:35:30+00:00,Watched Demo video 163,Demo video 163,Watched,English,https://www.youtube.com/watch?v=VID00000163,VID00000163,Demo channel 055,https://www.youtube.com/channel/UCDEMOCHANNEL00000055,UCDEMOCHANNEL00000055
Alma,2015-07-25 09:53:11.011000+00:00,Watched Demo video 004,Demo video 004,Watched,English,https://www.youtube.com/watch?v=VID00000004,VID00000004,Demo channel 112,https://www.youtube.com/channel/UCDEMOCHANNEL00000112,UCDEMOCHANNEL00000112
Alma,2015-07-22 09:37:02.645000+00:00,Watched Demo video 305,Demo video 305,Watched,English,https://www.youtube.com/watch?v=VID00000305,VID00000305,Demo channel 078,https://www.youtube.com/channel/UCDEMOCHANNEL00000078,UCDEMOCHANNEL00000078
Alma,2015-07-20 11:54:30.034000+00:00,Watched Demo video 133,Demo video 133,Watched,English,https://www.youtube.com/watch?v=VID00000133,VID00000133,Demo channel 083,https://www.youtube.com/channel/UCDEMOCHANNEL00000083,UCDEMOCHANNEL00000083
Alma,2015-07-17 20:35:04.498000+00:00,Watched Demo video 217,Demo video 217,Watched,English,https://www.youtube.com/watch?v=VID00000217,VID00000217,Demo channel 112,https://www.youtube.com/channel/UCDEMOCHANNEL00000112,UCDEMOCHANNEL00000112
Alma,2015-07-08 21:08:30.889000+00:00,Watched Demo video 043,Demo video 043,Watched,English,https://www.youtube.com/watch?v=VID00000043,VID00000043,Demo channel 112,https://www.youtube.com/channel/UCDEMOCHANNEL00000112,UCDEMOCHANNEL00000112
Alma,2015-07-08 01:28:14.035000+00:00,Watched Demo video 211,Demo video 211,Watched,English,https://www.youtube.com/watch?v=VID00000211,VID00000211,Demo channel 104,https://www.youtube.com/channel/UCDEMOCHANNEL00000104,UCDEMOCHANNEL00000104
Alma,2015-06-26 10:27:49.003000+00:00,Watched Demo video 166,Demo video 166,Watched,English,https://www.youtube.com/watch?v=VID00000166,VID00000166,,,
Alma,2015-06-14 07:13:13.518000+00:00,Watched Demo video 084,Demo video 084,Watched,English,https://www.youtube.com/watch?v=VID00000084,VID00000084,Demo channel 122,https://www.youtube.com/channel/UCDEMOCHANNEL00000122,UCDEMOCHANNEL00000122
Alma,2015-06-11 07:38:53.943000+00:00,Watched Demo video 287,Demo video 287,Watched,English,https://www.youtube.com/watch?v=VID00000287,VID00000287,Demo channel 078,https://www.youtube.com/channel/UCDEMOCHANNEL00000078,UCDEMOCHANNEL00000078
Alma,2015-06-10 20:40:17.439000+00:00,Watched Demo video 272,Demo video 272,Watched,English,https://www.youtube.com/watch?v=VID00000272,VID00000272,Demo channel 078,https://www.youtube.com/channel/UCDEMOCHANNEL00000078,UCDEMOCHANNEL00000078
Alma,2015-06-09 23:08:39.269000+00:00,Watched Demo video 090,Demo video 090,Watched,English,https://www.youtube.com/watch?v=VID00000090,VID00000090,,,
Alma,2015-06-08 22:29:45.020000+00:00,Watched Demo video 277,Demo video 277,Watched,English,https://www.youtube.com/watch?v=VID00000277,VID00000277,Demo channel 014,https://www.youtube.com/channel/UCDEMOCHANNEL00000014,UCDEMOCHANNEL00000014
Alma,2015-05-28 09:25:36.357000+00:00,Watched Demo video 248,Demo video 248,Watched,English,https://www.youtube.com/watch?v=VID00000248,VID00000248,,,
Alma,2015-05-28 09:08:32.087000+00:00,Watched Demo video 290,Demo video 290,Watched,English,https://www.youtube.com/watch?v=VID00000290,VID00000290,,,
Alma,2015-05-18 08:50:12.792000+00:00,Watched Demo video 129,Demo video 129,Watched,English,https://www.youtube.com/watch?v=VID00000129,VID00000129,Demo channel 084,https://www.youtube.com/channel/UCDEMOCHANNEL00000084,UCDEMOCHANNEL00000084
Alma,2015-05-14 18:38:27.631000+00:00,Watched Demo video 012,Demo video 012,Watched,English,https://www.youtube.com/watch?v=VID00000012,VID00000012,Demo channel 056,https://www.youtube.com/channel/UCDEMOCHANNEL00000056,UCDEMOCHANNEL00000056
Alma,2015-05-06 03:37:58.807000+00:00,Watched Demo video 094,Demo video 094,Watched,English,https://www.youtube.com/watch?v=VID00000094,VID00000094,Demo channel 145,https://www.youtube.com/channel/UCDEMOCHANNEL00000145,UCDEMOCHANNEL00000145
Alma,2015-05-04 18:04:39.581000+00:00,Watched Demo video 119,Demo video 119,Watched,English,https://www.youtube.com/watch?v=VID00000119,VID00000119,Demo channel 121,https://www.youtube.com/channel/UCDEMOCHANNEL00000121,UCDEMOCHANNEL00000121
Alma,2015-05-03 20:42:39.900000+00:00,Watched Demo video 160,Demo video 160,Watched,English,https://www.youtube.com/watch?v=VID00000160,VID00000160,Demo channel 084,https://www.youtube.com/channel/UCDEMOCHANNEL00000084,UCDEMOCHANNEL00000084
Alma,2015-04-21 23:04:21.338000+00:00,Watched Demo video 042,Demo video 042,Watched,English,https://www.youtube.com/watch?v=VID00000042,VID00000042,Demo channel 158,https://www.youtube.com/channel/UCDEMOCHANNEL00000158,UCDEMOCHANNEL00000158
Alma,2015-04-21 18:20:17.245000+00:00,Watched Demo video 104,Demo video 104,Watched,English,https://www.youtube.com/watch?v=VID00000104,VID00000104,Demo channel 173,https://www.youtube.com/channel/UCDEMOCHANNEL00000173,UCDEMOCHANNEL00000173
Alma,2015-04-21 15:08:25.529000+00:00,Watched Demo video 292,Demo video 292,Watched,English,https://www.youtube.com/watch?v=VID00000292,VID00000292,Demo channel 141,https://www.youtube.com/channel/UCDEMOCHANNEL00000141,UCDEMOCHANNEL00000141
Alma,2015-03-30 13:56:42.847000+00:00,Watched Demo video 189,Demo video 189,Watched,English,https://www.youtube.com/watch?v=VID00000189,VID00000189,Demo channel 180,https://www.youtube.com/channel/UCDEMOCHANNEL00000180,UCDEMOCHANNEL00000180
Beata,2025-04-01 20:43:25.151000+00:00,Watched Demo video 072,Demo video 072,Watched,English,https://www.youtube.com/watch?v=VID00000072,VID00000072,Demo channel 051,https://www.youtube.com/channel/UCDEMOCHANNEL00000051,UCDEMOCHANNEL00000051
Beata,2025-03-24 06:25:19.719000+00:00,Watched Demo video 231,Demo video 231,Watched,English,https://www.youtube.com/watch?v=VID00000231,VID00000231,Demo channel 050,https://www.youtube.com/channel/UCDEMOCHANNEL00000050,UCDEMOCHANNEL00000050
Beata,2024-12-16 09:33:36.856000+00:00,Watched Demo video 306,Demo video 306,Watched,English,https://www.youtube.com/watch?v=VID00000306,VID00000306,Demo channel 155,https://www.youtube.com/channel/UCDEMOCHANNEL00000155,UCDEMOCHANNEL00000155
Beata,2024-11-04 07:56:39.913000+00:00,Watched Demo video 307,Demo video 307,Watched,English,https://www.youtube.com/watch?v=VID00000307,VID00000307,Demo channel 123,https://www.youtube.com/channel/UCDEMOCHANNEL00000123,UCDEMOCHANNEL00000123
Beata,2024-10-28 06:41:15.726000+00:00,Watched Demo video 295,Demo video 295,Watched,English,https://www.youtube.com/watch?v=VID00000295,VID00000295,Demo channel 046,https://www.youtube.com/channel/UCDEMOCHANNEL00000046,UCDEMOCHANNEL00000046
Beata,2024-08-27 08:43:47.705000+00:00,Watched Demo video 126,Demo video 126,Watched,English,https://www.youtube.com/watch?v=VID00000126,VID00000126,Demo channel 006,https://www.youtube.com/channel/UCDEMOCHANNEL00000006,UCDEMOCHANNEL00000006
Beata,2024-08-14 09:50:34.656000+00:00,Watched Demo video 254,Demo video 254,Watched,English,https://www.youtube.com/watch?v=VID00000254,VID00000254,Demo channel 125,https://www.youtube.com/channel/UCDEMOCHANNEL00000125,UCDEMOCHANNEL00000125
Beata,2024-08-07 11:16:22.893000+00:00,Watched Demo video 125,Demo video 125,Watched,English,https://www.youtube.com/watch?v=VID00000125,VID00000125,Demo channel 008,https://www.youtube.com/channel/UCDEMOCHANNEL00000008,UCDEMOCHANNEL00000008
Beata,2024-05-16 09:08:26.727000+00:00,Watched Demo video 284,Demo video 284,Watched,English,https://www.youtube.com/watch?v=VID00000284,VID00000284,Demo channel 159,https://www.youtube.com/channel/UCDEMOCHANNEL00000159,UCDEMOCHANNEL00000159
Beata,2024-04-11 05:10:43.316000+00:00,Watched Demo video 130,Demo video 130,Watched,English,https://www.youtube.com/watch?v=VID00000130,VID00000130,Demo channel 080,https://www.youtube.com/channel/UCDEMOCHANNEL00000080,UCDEMOCHANNEL00000080
Beata,2024-04-11 05:09:26.643000+00:00,Watched Demo video 063,Demo video 063,Watched,English,https://www.youtube.com/watch?v=VID00000063,VID00000063,Demo channel 080,https://www.youtube.com/channel/UCDEMOCHANNEL00000080,UCDEMOCHANNEL00000080
Beata,2024-02-20 14:45:57.206000+00:00,Watched Demo video 235,Demo video 235,Watched,English,https://www.youtube.com/watch?v=VID00000235,VID00000235,Demo channel 052,https://www.youtube.com/channel/UCDEMOCHANNEL00000052,UCDEMOCHANNEL00000052
Beata,2024-02-20 14:40:57.471000+00:00,Watched Demo video 073,Demo video 073,Watched,English,https://www.youtube.com/watch?v=VID00000073,VID00000073,Demo channel 013,https://www.youtube.com/channel/UCDEMOCHANNEL00000013,UCDEMOCHANNEL00000013
Beata,2023-11-23 16:32:26.746000+00:00,Watched Demo video 021,Demo video 021,Watched,English,https://www.youtube.com/watch?v=VID00000021,VID00000021,Demo channel 074,https://www.youtube.com/channel/UCDEMOCHANNEL00000074,UCDEMOCHANNEL00000074
Beata,2023-11-20 20:59:33.868000+00:00,Watched Demo video 062,Demo video 062,Watched,English,https://www.youtube.com/watch?v=VID00000062,VID00000062,Demo channel 136,https://www.youtube.com/channel/UCDEMOCHANNEL00000136,UCDEMOCHANNEL00000136
Beata,2023-11-20 19:11:55.139000+00:00,Watched Demo video 251,Demo video 251,Watched,English,https://www.youtube.com/watch?v=VID00000251,VID00000251,Demo channel 025,https://www.youtube.com/channel/UCDEMOCHANNEL00000025,UCDEMOCHANNEL00000025
Beata,2023-07-06 07:33:05.046000+00:00,Watched Demo video 013,Demo video 013,Watched,English,https://www.youtube.com/watch?v=VID00000013,VID00000013,Demo channel 097,https://www.youtube.com/channel/UCDEMOCHANNEL00000097,UCDEMOCHANNEL00000097
Beata,2023-02-23 18:59:22.783000+00:00,Watched Demo video 158,Demo video 158,Watched,English,https://www.youtube.com/watch?v=VID00000158,VID00000158,Demo channel 131,https://www.youtube.com/channel/UCDEMOCHANNEL00000131,UCDEMOCHANNEL00000131
Beata,2023-01-18 16:31:31.405000+00:00,Watched Demo video 006,Demo video 006,Watched,English,https://www.youtube.com/watch?v=VID00000006,VID00000006,Demo channel 058,https://www.youtube.com/channel/UCDEMOCHANNEL00000058,UCDEMOCHANNEL00000058
Beata,2023-01-17 08:34:14.268000+00:00,Watched Demo video 212,Demo video 212,Watched,English,https://www.youtube.com/watch?v=VID00000212,VID00000212,Demo channel 094,https://www.youtube.com/channel/UCDEMOCHANNEL00000094,UCDEMOCHANNEL00000094
Beata,2022-11-13 13:12:35.587000+00:00,Watched Demo video 032,Demo video 032,Watched,English,https://www.youtube.com/watch?v=VID00000032,VID00000032,Demo channel 132,https://www.youtube.com/channel/UCDEMOCHANNEL00000132,UCDEMOCHANNEL00000132
Beata,2022-11-04 16:05:57.852000+00:00,Watched Demo video 159,Demo video 159,Watched,English,https://www.youtube.com/watch?v=VID00000159,VID00000159,Demo channel 045,https://www.youtube.com/channel/UCDEMOCHANNEL00000045,UCDEMOCHANNEL00000045
Beata,2022-10-20 09:33:57.875000+00:00,Watched Demo video 298,Demo video 298,Watched,English,https://www.youtube.com/watch?v=VID00000298,VID00000298,Demo channel 037,https://www.youtube.com/channel/UCDEMOCHANNEL00000037,UCDEMOCHANNEL00000037
Beata,2022-10-18 12:02:57.892000+00:00,Watched Demo video 263,Demo video 263,Watched,English,https://www.youtube.com/watch?v=VID00000263,VID00000263,Demo channel 115,https://www.youtube.com/channel/UCDEMOCHANNEL00000115,UCDEMOCHANNEL00000115
Beata,2022-06-17 14:48:48.653000+00:00,Watched Demo video 016,Demo video 016,Watched,English,https://www.youtube.com/watch?v=VID00000016,VID00000016,Demo channel 099,https://www.youtube.com/channel/UCDEMOCHANNEL00000099,UCDEMOCHANNEL00000099
Beata,2022-01-14 17:07:11.835000+00:00,Watched Demo video 249,Demo video 249,Watched,English,https://www.youtube.com/watch?v=VID00000249,VID00000249,Demo channel 009,https://www.youtube.com/channel/UCDEMOCHANNEL00000009,UCDEMOCHANNEL00000009
Beata,2021-12-17 11:22:22.634000+00:00,Watched Demo video 074,Demo video 074,Watched,English,https://www.youtube.com/watch?v=VID00000074,VID00000074,Demo channel 066,https://www.youtube.com/channel/UCDEMOCHANNEL00000066,UCDEMOCHANNEL00000066
Beata,2021-07-29 11:42:19.505000+00:00,Watched Demo video 276,Demo video 276,Watched,English,https://www.youtube.com/watch?v=VID00000276,VID00000276,Demo channel 076,https://www.youtube.com/channel/UCDEMOCHANNEL00000076,UCDEMOCHANNEL00000076
Beata,2020-10-27 09:02:58.177000+00:00,Watched Demo video 135,Demo video 135,Watched,English,https://www.youtube.com/watch?v=VID00000135,VID00000135,Demo channel 022,https://www.youtube.com/channel/UCDEMOCHANNEL00000022,UCDEMOCHANNEL00000022
Beata,2020-08-24 12:52:10.188000+00:00,Watched Demo video 253,Demo video 253,Watched,English,https://www.youtube.com/watch?v=VID00000253,VID00000253,Demo channel 107,https://www.youtube.com/channel/UCDEMOCHANNEL00000107,UCDEMOCHANNEL00000107
Beata,2020-04-21 19:11:54.784000+00:00,Watched Demo video 214,Demo video 214,Watched,English,https://www.youtube.com/watch?v=VID00000214,VID00000214,Demo channel 019,https://www.youtube.com/channel/UCDEMOCHANNEL00000019,UCDEMOCHANNEL00000019
Beata,2020-04-17 08:14:43.738000+00:00,Watched Demo video 044,Demo video 044,Watched,English,https://www.youtube.com/watch?v=VID00000044,VID00000044,Demo channel 071,https://www.youtube.com/channel/UCDEMOCHANNEL00000071,UCDEMOCHANNEL00000071
Beata,2020-03-29 18:22:16.812000+00:00,Watched Demo video 169,Demo video 169,Watched,English,https://www.youtube.com/watch?v=VID00000169,VID00000169,Demo channel 064,https://www.youtube.com/channel/UCDEMOCHANNEL00000064,UCDEMOCHANNEL00000064
Beata,2020-03-23 11:10:22.309000+00:00,Watched Demo video 282,Demo video 282,Watched,English,https://www.youtube.com/watch?v=VID00000282,VID00000282,Demo channel 168,https://www.youtube.com/channel/UCDEMOCHANNEL00000168,UCDEMOCHANNEL00000168
Beata,2020-02-16 14:41:19.137000+00:00,Watched Demo video 076,Demo video 076,Watched,English,https://www.youtube.com/watch?v=VID00000076,VID00000076,Demo channel 127,https://www.youtube.com/channel/UCDEMOCHANNEL00000127,UCDEMOCHANNEL00000127
Beata,2019-10-23 18:27:27.889000+00:00,Watched Demo video 300,Demo video 300,Watched,English,https://www.youtube.com/watch?v=VID00000300,VID00000300,Demo channel 166,https://www.youtube.com/channel/UCDEMOCHANNEL00000166,UCDEMOCHANNEL00000166
Beata,2019-05-29 12:15:25.803000+00:00,Watched Demo video 005,Demo video 005,Watched,English,https://www.youtube.com/watch?v=VID00000005,VID00000005,Demo channel 028,https://www.youtube.com/channel/UCDEMOCHANNEL00000028,UCDEMOCHANNEL00000028
Beata,2019-05-09 09:13:03.763000+00:00,Watched Demo video 037,Demo video 037,Watched,English,https://www.youtube.com/watch?v=VID00000037,VID00000037,Demo channel 040,https://www.youtube.com/channel/UCDEMOCHANNEL00000040,UCDEMOCHANNEL00000040
Beata,2019-05-09 08:53:53.952000+00:00,Watched Demo video 113,Demo video 113,Watched,English,https://www.youtube.com/watch?v=VID00000113,VID00000113,Demo channel 004,https://www.youtube.com/channel/UCDEMOCHANNEL00000004,UCDEMOCHANNEL00000004
Beata,2019-03-16 20:46:51.914000+00:00,Watched Demo video 033,Demo video 033,Watched,English,https://www.youtube.com/watch?v=VID00000033,VID00000033,Demo channel 169,https://www.youtube.com/channel/UCDEMOCHANNEL00000169,UCDEMOCHANNEL00000169
Beata,2019-01-26 02:24:10.309000+00:00,Watched Demo video 286,Demo video 286,Watched,English,https://www.youtube.com/watch?v=VID00000286,VID00000286,Demo channel 139,https://www.youtube.com/channel/UCDEMOCHANNEL00000139,UCDEMOCHANNEL00000139
Beata,2018-04-03 22:46:19.677000+00:00,Watched Demo video 223,Demo video 223,Watched,English,https://www.youtube.com/watch?v=VID00000223,VID00000223,Demo channel 005,https://www.youtube.com/channel/UCDEMOCHANNEL00000005,UCDEMOCHANNEL00000005
Beata,2018-02-24 19:27:06.132000+00:00,Watched Demo video 001,Demo video 001,Watched,English,https://www.youtube.com/watch?v=VID00000001,VID00000001,Demo channel 154,https://www.youtube.com/channel/UCDEMOCHANNEL00000154,UCDEMOCHANNEL00000154
Beata,2018-02-22 11:05:51.971000+00:00,Watched Demo video 174,Demo video 174,Watched,English,https://www.youtube.com/watch?v=VID00000174,VID00000174,Demo channel 118,https://www.youtube.com/channel/UCDEMOCHANNEL00000118,UCDEMOCHANNEL00000118
Beata,2018-01-16 15:42:23.521000+00:00,Watched Demo video 009,Demo video 009,Watched,English,https://www.youtube.com/watch?v=VID00000009,VID00000009,,,
Beata,2017-11-27 14:56:57.406000+00:00,Watched Demo video 116,Demo video 116,Watched,English,https://www.youtube.com/watch?v=VID00000116,VID00000116,Demo channel 154,https://www.youtube.com/channel/UCDEMOCHANNEL00000154,UCDEMOCHANNEL00000154
Beata,2017-11-24 11:26:06.519000+00:00,Watched Demo video 035,Demo video 035,Watched,English,https://www.youtube.com/watch?v=VID00000035,VID00000035,,,
Beata,2017-06-19 08:52:30.015000+00:00,Watched Demo video 186,Demo video 186,Watched,English,https://www.youtube.com/watch?v=VID00000186,VID00000186,Demo channel 084,https://www.youtube.com/channel/UCDEMOCHANNEL00000084,UCDEMOCHANNEL00000084
Beata,2016-02-17 00:59:41.158000+00:00,Watched Demo video 142,Demo video 142,Watched,English,https://www.youtube.com/watch?v=VID00000142,VID00000142,Demo channel 088,https://www.youtube.com/channel/UCDEMOCHANNEL00000088,UCDEMOCHANNEL00000088
Beata,2016-02-17 00:49:30.041000+00:00,Watched Demo video 089,Demo video 089,Watched,English,https://www.youtube.com/watch?v=VID00000089,VID00000089,Demo channel 177,https://www.youtube.com/channel/UCDEMOCHANNEL00000177,UCDEMOCHANNEL00000177
Beata,2016-02-11 06:40:35.038000+00:00,Watched Demo video 296,Demo video 296,Watched,English,https://www.youtube.com/watch?v=VID00000296,VID00000296,Demo channel 171,https://www.youtube.com/channel/UCDEMOCHANNEL00000171,UCDEMOCHANNEL00000171
Beata,2015-11-02 14:53:59.985000+00:00,Watched Demo video 225,Demo video 225,Watched,English,https://www.youtube.com/watch?v=VID00000225,VID00000225,Demo channel 075,https://www.youtube.com/channel/UCDEMOCHANNEL00000075,UCDEMOCHANNEL00000075
Beata,2015-11-02 13:30:06.071000+00:00,Watched Demo video 027,Demo video 027,Watched,English,https://www.youtube.com/watch?v=VID00000027,VID00000027,Demo channel 012,https://www.youtube.com/channel/UCDEMOCHANNEL00000012,UCDEMOCHANNEL00000012
Beata,2015-10-20 07:19:12.241000+00:00,Watched Demo video 279,Demo video 279,Watched,English,https://www.youtube.com/watch?v=VID00000279,VID00000279,Demo channel 111,https://www.youtube.com/channel/UCDEMOCHANNEL00000111,UCDEMOCHANNEL00000111
Beata,2015-10-11 23:53:43.856000+00:00,Watched Demo video 227,Demo video 227,Watched,English,https://www.youtube.com/watch?v=VID00000227,VID00000227,Demo channel 010,https://www.youtube.com/channel/UCDEMOCHANNEL00000010,UCDEMOCHANNEL00000010
Beata,2015-09-20 17:57:34.281000+00:00,Watched Demo video 223,Demo video 223,Watched,English,https://www.youtube.com/watch?v=VID00000223,VID00000223,Demo channel 005,https://www.youtube.com/channel/UCDEMOCHANNEL00000005,UCDEMOCHANNEL00000005
Beata,2015-08-31 20:39:47.106000+00:00,Watched Demo video 088,Demo video 088,Watched,English,https://www.youtube.com/watch?v=VID00000088,VID00000088,Demo channel 029,https://www.youtube.com/channel/UCDEMOCHANNEL00000029,UCDEMOCHANNEL00000029
Beata,2015-08-30 15:55:31.573000+00:00,Watched Demo video 049,Demo video 049,Watched,English,https://www.youtube.com/watch?v=VID00000049,VID00000049,Demo channel 029,https://www.youtube.com/channel/UCDEMOCHANNEL00000029,UCDEMOCHANNEL00000029
Beata,2015-08-27 13:05:42.777000+00:00,Watched Demo video 262,Demo video 262,Watched,English,https://www.youtube.com/watch?v=VID00000262,VID00000262,Demo channel 011,https://www.youtube.com/channel/UCDEMOCHANNEL00000011,UCDEMOCHANNEL00000011
Beata,2015-08-18 13:27:10.296000+00:00,Watched Demo video 309,Demo video 309,Watched,English,https://www.youtube.com/watch?v=VID00000309,VID00000309,Demo channel 119,https://www.youtube.com/channel/UCDEMOCHANNEL00000119,UCDEMOCHANNEL00000119
Beata,2015-08-15 17:11:48.221000+00:00,Watched Demo video 259,Demo video 259,Watched,English,https://www.youtube.com/watch?v=VID00000259,VID00000259,Demo channel 043,https://www.youtube.com/channel/UCDEMOCHANNEL00000043,UCDEMOCHANNEL00000043
Beata,2015-08-14 22:54:47.786000+00:00,Watched Demo video 236,Demo video 236,Watched,English,https://www.youtube.com/watch?v=VID00000236,VID00000236,,,
Beata,2015-08-14 14:39:16.941000+00:00,Watched Demo video 311,Demo video 311,Watched,English,https://www.youtube.com/watch?v=VID00000311,VID00000311,Demo channel 120,https://www.youtube.com/channel/UCDEMOCHANNEL00000120,UCDEMOCHANNEL00000120
Beata,2015-08-11 02:46:51.737000+00:00,Watched Demo video 192,Demo video 192,Watched,English,https://www.youtube.com/watch?v=VID00000192,VID00000192,Demo channel 017,https://www.youtube.com/channel/UCDEMOCHANNEL00000017,UCDEMOCHANNEL00000017
Beata,2015-08-11 02:41:07.804000+00:00,Watched Demo video 175,Demo video 175,Watched,English,https://www.youtube.com/watch?v=VID00000175,VID00000175,Demo channel 017,https://www.youtube.com/channel/UCDEMOCHANNEL00000017,UCDEMOCHANNEL00000017
Beata,2015-08-09 04:31:31.913000+00:00,Watched Demo video 019,Demo video 019,Watched,English,https://www.youtube.com/watch?v=VID00000019,VID00000019,Demo channel 017,https://www.youtube.com/channel/UCDEMOCHANNEL00000017,UCDEMOCHANNEL00000017
Beata,2015-08-07 15:10:39.936000+00:00,Watched Demo video 179,Demo video 179,Watched,English,https://www.youtube.com/watch?v=VID00000179,VID00000179,Demo channel 065,https://www.youtube.com/channel/UCDEMOCHANNEL00000065,UCDEMOCHANNEL00000065
Beata,2015-08-07 01:55:16.489000+00:00,Watched Demo video 082,Demo video 082,Watched,English,https://www.youtube.com/watch?v=VID00000082,VID00000082,,,
Beata,2015-08-05 09:56:44.148000+00:00,Watched Demo video 190,Demo video 190,Watched,English,https://www.youtube.com/watch?v=VID00000190,VID00000190,Demo channel 128,https://www.youtube.com/channel/UCDEMOCHANNEL00000128,UCDEMOCHANNEL00000128
Beata,2015-07-28 21:43:09.746000+00:00,Watched Demo video 108,Demo video 108,Watched,English,https://www.youtube.com/watch?v=VID00000108,VID00000108,,,
Beata,2015-07-27 19:19:05.062000+00:00,Watched Demo video 102,Demo video 102,Watched,English,https://www.youtube.com/watch?v=VID00000102,VID00000102,Demo channel 052,https://www.youtube.com/channel/UCDEMOCHANNEL00000052,UCDEMOCHANNEL00000052
Beata,2015-07-22 09:26:21.048000+00:00,Watched Demo video 055,Demo video 055,Watched,English,https://www.youtube.com/watch?v=VID00000055,VID00000055,Demo channel 078,https://www.youtube.com/channel/UCDEMOCHANNEL00000078,UCDEMOCHANNEL00000078
Beata,2015-07-20 14:00:57.353000+00:00,Watched Demo video 172,Demo video 172,Watched,English,https://www.youtube.com/watch?v=VID00000172,VID00000172,Demo channel 086,https://www.youtube.com/channel/UCDEMOCHANNEL00000086,UCDEMOCHANNEL00000086
Beata,2015-07-18 18:44:41.715000+00:00,Watched Demo video 250,Demo video 250,Watched,English,https://www.youtube.com/watch?v=VID00000250,VID00000250,Demo channel 182,https://www.youtube.com/channel/UCDEMOCHANNEL00000182,UCDEMOCHANNEL00000182
Beata,2015-07-17 12:12:54.020000+00:00,Watched Demo video 146,Demo video 146,Watched,English,https://www.youtube.com/watch?v=VID00000146,VID00000146,Demo channel 126,https://www.youtube.com/channel/UCDEMOCHANNEL00000126,UCDEMOCHANNEL00000126
Beata,2015-07-15 14:37:02.071000+00:00,Watched Demo video 091,Demo video 091,Watched,English,https://www.youtube.com/watch?v=VID00000091,VID00000091,Demo channel 106,https://www.youtube.com/channel/UCDEMOCHANNEL00000106,UCDEMOCHANNEL00000106
Beata,2015-07-15 09:15:16.406000+00:00,Watched Demo video 137,Demo video 137,Watched,English,https://www.youtube.com/watch?v=VID00000137,VID00000137,Demo channel 082,https://www.youtube.com/channel/UCDEMOCHANNEL00000082,UCDEMOCHANNEL00000082
Beata,2015-06-27 03:59:12.357000+00:00,Watched Demo video 053,Demo video 053,Watched,English,https://www.youtube.com/watch?v=VID00000053,VID00000053,Demo channel 003,https://www.youtube.com/channel/UCDEMOCHANNEL00000003,UCDEMOCHANNEL00000003
Beata,2015-06-11 23:24:34.949000+00:00,Watched Demo video 242,Demo video 242,Watched,English,https://www.youtube.com/watch?v=VID00000242,VID00000242,Demo channel 078,https://www.youtube.com/channel/UCDEMOCHANNEL00000078,UCDEMOCHANNEL00000078
Beata,2015-06-10 14:52:47.373000+00:00,Watched Demo video 086,Demo video 086,Watched,English,https://www.youtube.com/watch?v=VID00000086,VID00000086,,,
Beata,2015-06-09 16:56:07.900000+00:00,Watched Demo video 203,Demo video 203,Watched,English,https://www.youtube.com/watch?v=VID00000203,VID00000203,Demo channel 078,https://www.youtube.com/channel/UCDEMOCHANNEL00000078,UCDEMOCHANNEL00000078
Beata,2015-06-09 03:04:24.085000+00:00,Watched Demo video 313,Demo video 313,Watched,English,https://www.youtube.com/watch?v=VID00000313,VID00000313,Demo channel 104,https://www.youtube.com/channel/UCDEMOCHANNEL00000104,UCDEMOCHANNEL00000104
Beata,2015-06-04 21:46:02.518000+00:00,Watched Demo video 245,Demo video 245,Watched,English,https://www.youtube.com/watch?v=VID00000245,VID00000245,Demo channel 078,https://www.youtube.com/channel/UCDEMOCHANNEL00000078,UCDEMOCHANNEL00000078
Beata,2015-06-02 06:48:00.808000+00:00,Watched Demo video 065,Demo video 065,Watched,English,https://www.youtube.com/watch?v=VID00000065,VID00000065,,,
Beata,2015-05-28 17:28:47.875000+00:00,Watched Demo video 246,Demo video 246,Watched,English,https://www.youtube.com/watch?v=VID00000246,VID00000246,Demo channel 117,https://www.youtube.com/channel/UCDEMOCHANNEL00000117,UCDEMOCHANNEL00000117
Beata,2015-05-28 09:36:04.366000+00:00,Watched Demo video 232,Demo video 232,Watched,English,https://www.youtube.com/watch?v=VID00000232,VID00000232,,,
Beata,2015-05-09 12:53:25.940000+00:00,Watched Demo video 132,Demo video 132,Watched,English,https://www.youtube.com/watch?v=VID00000132,VID00000132,Demo channel 073,https://www.youtube.com/channel/UCDEMOCHANNEL00000073,UCDEMOCHANNEL00000073
Beata,2015-04-21 17:32:13.358000+00:00,Watched Demo video 092,Demo video 092,Watched,English,https://www.youtube.com/watch?v=VID00000092,VID00000092,Demo channel 098,https://www.youtube.com/channel/UCDEMOCHANNEL00000098,UCDEMOCHANNEL00000098
Beata,2015-04-19 16:30:08.374000+00:00,Watched Demo video 244,Demo video 244,Watched,English,https://www.youtube.com/watch?v=VID00000244,VID00000244,Demo channel 095,https://www.youtube.com/channel/UCDEMOCHANNEL00000095,UCDEMOCHANNEL00000095
Beata,2015-04-14 15:06:59.910000+00:00,Watched Demo video 215,Demo video 215,Watched,English,https://www.youtube.com/watch?v=VID00000215,VID00000215,Demo channel 047,https://www.youtube.com/channel/UCDEMOCHANNEL00000047,UCDEMOCHANNEL00000047
Carmen,2025-03-26 13:12:19.748000+00:00,Watched Demo video 165,Demo video 165,Watched,English,https://www.youtube.com/watch?v=VID00000165,VID00000165,Demo channel 142,https://www.youtube.com/channel/UCDEMOCHANNEL00000142,UCDEMOCHANNEL00000142
Carmen,2025-02-04 21:35:35.844000+00:00,Watched Demo video 204,Demo video 204,Watched,English,https://www.youtube.com/watch?v=VID00000204,VID00000204,Demo channel 172,https://www.youtube.com/channel/UCDEMOCHANNEL00000172,UCDEMOCHANNEL00000172
Carmen,2024-12-28 14:04:42.593000+00:00,Watched Demo video 155,Demo video 155,Watched,English,https://www.youtube.com/watch?v=VID00000155,VID00000155,Demo channel 161,https://www.youtube.com/channel/UCDEMOCHANNEL00000161,UCDEMOCHANNEL00000161
Carmen,2024-12-28 14:03:28.948000+00:00,Watched Demo video 022,Demo video 022,Watched,English,https://www.youtube.com/watch?v=VID00000022,VID00000022,Demo channel 041,https://www.youtube.com/channel/UCDEMOCHANNEL00000041,UCDEMOCHANNEL00000041
Carmen,2024-10-30 21:58:57.101000+00:00,Watched Demo video 011,Demo video 011,Watched,English,https://www.youtube.com/watch?v=VID00000011,VID00000011,,,
Carmen,2024-10-22 21:39:17.775000+00:00,Watched Demo video 010,Demo video 010,Watched,English,https://www.youtube.com/watch?v=VID00000010,VID00000010,Demo channel 164,https://www.youtube.com/channel/UCDEMOCHANNEL00000164,UCDEMOCHANNEL00000164
Carmen,2024-08-19 08:58:40.201000+00:00,Watched Demo video 100,Demo video 100,Watched,English,https://www.youtube.com/watch?v=VID00000100,VID00000100,Demo channel 109,https://www.youtube.com/channel/UCDEMOCHANNEL00000109,UCDEMOCHANNEL00000109
Carmen,2024-08-16 06:45:29.136000+00:00,Watched Demo video 191,Demo video 191,Watched,English,https://www.youtube.com/watch?v=VID00000191,VID00000191,Demo channel 109,https://www.youtube.com/channel/UCDEMOCHANNEL00000109,UCDEMOCHANNEL00000109
Carmen,2024-08-13 14:28:47.257000+00:00,Watched Demo video 023,Demo video 023,Watched,English,https://www.youtube.com/watch?v=VID00000023,VID00000023,Demo channel 108,https://www.youtube.com/channel/UCDEMOCHANNEL00000108,UCDEMOCHANNEL00000108
Carmen,2024-08-01 08:25:02.451000+00:00,Watched Demo video 152,Demo video 152,Watched,English,https://www.youtube.com/watch?v=VID00000152,VID00000152,Demo channel 079,https://www.youtube.com/channel/UCDEMOCHANNEL00000079,UCDEMOCHANNEL00000079
Carmen,2024-08-01 08:21:52.876000+00:00,Watched Demo video 002,Demo video 002,Watched,English,https://www.youtube.com/watch?v=VID00000002,VID00000002,Demo channel 092,https://www.youtube.com/channel/UCDEMOCHANNEL00000092,UCDEMOCHANNEL00000092
Carmen,2024-04-27 11:01:43.505000+00:00,Watched Demo video 128,Demo video 128,Watched,English,https://www.youtube.com/watch?v=VID00000128,VID00000128,Demo channel 093,https://www.youtube.com/channel/UCDEMOCHANNEL00000093,UCDEMOCHANNEL00000093
Carmen,2024-04-25 08:03:43.985000+00:00,Watched Demo video 185,Demo video 185,Watched,English,https://www.youtube.com/watch?v=VID00000185,VID00000185,Demo channel 134,https://www.youtube.com/channel/UCDEMOCHANNEL00000134,UCDEMOCHANNEL00000134
Carmen,2024-04-14 09:03:11.656000+00:00,Watched Demo video 124,Demo video 124,Watched,English,https://www.youtube.com/watch?v=VID00000124,VID00000124,Demo channel 087,https://www.youtube.com/channel/UCDEMOCHANNEL00000087,UCDEMOCHANNEL00000087
Carmen,2024-04-11 05:46:25.657000+00:00,Watched Demo video 156,Demo video 156,Watched,English,https://www.youtube.com/watch?v=VID00000156,VID00000156,Demo channel 175,https://www.youtube.com/channel/UCDEMOCHANNEL00000175,UCDEMOCHANNEL00000175
Carmen,2024-02-20 13:59:42.054000+00:00,Watched Demo video 096,Demo video 096,Watched,English,https://www.youtube.com/watch?v=VID00000096,VID00000096,,,
Carmen,2024-02-17 21:25:36.548000+00:00,Watched Demo video 127,Demo video 127,Watched,English,https://www.youtube.com/watch?v=VID00000127,VID00000127,Demo channel 167,https://www.youtube.com/channel/UCDEMOCHANNEL00000167,UCDEMOCHANNEL00000167
Carmen,2023-12-06 12:02:37.574000+00:00,Watched Demo video 080,Demo video 080,Watched,English,https://www.youtube.com/watch?v=VID00000080,VID00000080,Demo channel 179,https://www.youtube.com/channel/UCDEMOCHANNEL00000179,UCDEMOCHANNEL00000179
Carmen,2023-11-02 16:02:17.782000+00:00,Watched Demo video 097,Demo video 097,Watched,English,https://www.youtube.com/watch?v=VID00000097,VID00000097,Demo channel 068,https://www.youtube.com/channel/UCDEMOCHANNEL00000068,UCDEMOCHANNEL00000068
Carmen,2023-09-23 13:23:18.392000+00:00,Watched Demo video 134,Demo video 134,Watched,English,https://www.youtube.com/watch?v=VID00000134,VID00000134,Demo channel 048,https://www.youtube.com/channel/UCDEMOCHANNEL00000048,UCDEMOCHANNEL00000048
Carmen,2023-08-24 06:24:03.319000+00:00,Watched Demo video 271,Demo video 271,Watched,English,https://www.youtube.com/watch?v=VID00000271,VID00000271,Demo channel 129,https://www.youtube.com/channel/UCDEMOCHANNEL00000129,UCDEMOCHANNEL00000129
Carmen,2023-08-11 11:03:03.694000+00:00,Watched Demo video 017,Demo video 017,Watched,English,https://www.youtube.com/watch?v=VID00000017,VID00000017,Demo channel 119,https://www.youtube.com/channel/UCDEMOCHANNEL00000119,UCDEMOCHANNEL00000119
Carmen,2023-06-09 07:36:39.259000+00:00,Watched Demo video 285,Demo video 285,Watched,English,https://www.youtube.com/watch?v=VID00000285,VID00000285,Demo channel 144,https://www.youtube.com/channel/UCDEMOCHANNEL00000144,UCDEMOCHANNEL00000144
Carmen,2022-10-21 10:47:24.239000+00:00,Watched Demo video 197,Demo video 197,Watched,English,https://www.youtube.com/watch?v=VID00000197,VID00000197,Demo channel 103,https://www.youtube.com/channel/UCDEMOCHANNEL00000103,UCDEMOCHANNEL00000103
Carmen,2022-07-01 15:49:30.206000+00:00,Watched Demo video 095,Demo video 095,Watched,English,https://www.youtube.com/watch?v=VID00000095,VID00000095,Demo channel 151,https://www.youtube.com/channel/UCDEMOCHANNEL00000151,UCDEMOCHANNEL00000151
Carmen,2022-06-17 14:40:19.111000+00:00,Watched Demo video 180,Demo video 180,Watched,English,https://www.youtube.com/watch?v=VID00000180,VID00000180,Demo channel 150,https://www.youtube.com/channel/UCDEMOCHANNEL00000150,UCDEMOCHANNEL00000150
Carmen,2021-07-29 11:44:24.889000+00:00,Watched Demo video 038,Demo video 038,Watched,English,https://www.youtube.com/watch?v=VID00000038,VID00000038,Demo channel 076,https://www.youtube.com/channel/UCDEMOCHANNEL00000076,UCDEMOCHANNEL00000076
Carmen,2021-07-29 10:19:57.794000+00:00,Watched Demo video 057,Demo video 057,Watched,English,https://www.youtube.com/watch?v=VID00000057,VID00000057,Demo channel 149,https://www.youtube.com/channel/UCDEMOCHANNEL00000149,UCDEMOCHANNEL00000149
Carmen,2021-05-05 22:27:39.435000+00:00,Watched Demo video 070,Demo video 070,Watched,English,https://www.youtube.com/watch?v=VID00000070,VID00000070,Demo channel 178,https://www.youtube.com/channel/UCDEMOCHANNEL00000178,UCDEMOCHANNEL00000178
Carmen,2021-01-12 21:13:03.355000+00:00,Watched Demo video 303,Demo video 303,Watched,English,https://www.youtube.com/watch?v=VID00000303,VID00000303,Demo channel 102,https://www.youtube.com/channel/UCDEMOCHANNEL00000102,UCDEMOCHANNEL00000102
Carmen,2020-12-01 10:28:35.902000+00:00,Watched Demo video 154,Demo video 154,Watched,English,https://www.youtube.com/watch?v=VID00000154,VID00000154,Demo channel 157,https://www.youtube.com/channel/UCDEMOCHANNEL00000157,UCDEMOCHANNEL00000157
Carmen,2020-10-27 08:41:02.068000+00:00,Watched Demo video 141,Demo video 141,Watched,English,https://www.youtube.com/watch?v=VID00000141,VID00000141,Demo channel 022,https://www.youtube.com/channel/UCDEMOCHANNEL00000022,UCDEMOCHANNEL00000022
Carmen,2020-08-24 12:45:29.993000+00:00,Watched Demo video 170,Demo video 170,Watched,English,https://www.youtube.com/watch?v=VID00000170,VID00000170,Demo channel 024,https://www.youtube.com/channel/UCDEMOCHANNEL00000024,UCDEMOCHANNEL00000024
Carmen,2020-05-22 10:56:27.743000+00:00,Watched Demo video 293,Demo video 293,Watched,English,https://www.youtube.com/watch?v=VID00000293,VID00000293,Demo channel 110,https://www.youtube.com/channel/UCDEMOCHANNEL00000110,UCDEMOCHANNEL00000110
Carmen,2020-03-29 18:20:31.312000+00:00,Watched Demo video 206,Demo video 206,Watched,English,https://www.youtube.com/watch?v=VID00000206,VID00000206,Demo channel 064,https://www.youtube.com/channel/UCDEMOCHANNEL00000064,UCDEMOCHANNEL00000064
Carmen,2020-03-23 11:09:01.794000+00:00,Watched Demo video 183,Demo video 183,Watched,English,https://www.youtube.com/watch?v=VID00000183,VID00000183,Demo channel 033,https://www.youtube.com/channel/UCDEMOCHANNEL00000033,UCDEMOCHANNEL00000033
Carmen,2020-03-21 19:44:03.387000+00:00,Watched Demo video 274,Demo video 274,Watched,English,https://www.youtube.com/watch?v=VID00000274,VID00000274,Demo channel 146,https://www.youtube.com/channel/UCDEMOCHANNEL00000146,UCDEMOCHANNEL00000146
Carmen,2019-10-02 13:24:12.568000+00:00,Watched Demo video 257,Demo video 257,Watched,English,https://www.youtube.com/watch?v=VID00000257,VID00000257,Demo channel 049,https://www.youtube.com/channel/UCDEMOCHANNEL00000049,UCDEMOCHANNEL00000049
Carmen,2019-08-11 21:07:37.440000+00:00,Watched Demo video 299,Demo video 299,Watched,English,https://www.youtube.com/watch?v=VID00000299,VID00000299,,,
Carmen,2019-07-20 12:41:59.130000+00:00,Watched Demo video 036,Demo video 036,Watched,English,https://www.youtube.com/watch?v=VID00000036,VID00000036,Demo channel 169,https://www.youtube.com/channel/UCDEMOCHANNEL00000169,UCDEMOCHANNEL00000169
Carmen,2019-07-10 22:21:24.181000+00:00,Watched Demo video 267,Demo video 267,Watched,English,https://www.youtube.com/watch?v=VID00000267,VID00000267,Demo channel 070,https://www.youtube.com/channel/UCDEMOCHANNEL00000070,UCDEMOCHANNEL00000070
Carmen,2019-05-25 08:26:03.088000+00:00,Watched Demo video 220,Demo video 220,Watched,English,https://www.youtube.com/watch?v=VID00000220,VID00000220,,,
Carmen,2019-03-16 20:27:45.203000+00:00,Watched Demo video 087,Demo video 087,Watched,English,https://www.youtube.com/watch?v=VID00000087,VID00000087,Demo channel 169,https://www.youtube.com/channel/UCDEMOCHANNEL00000169,UCDEMOCHANNEL00000169
Carmen,2019-03-13 11:14:44.144000+00:00,Watched Demo video 114,Demo video 114,Watched,English,https://www.youtube.com/watch?v=VID00000114,VID00000114,Demo channel 063,https://www.youtube.com/channel/UCDEMOCHANNEL00000063,UCDEMOCHANNEL00000063
Carmen,2019-02-20 11:10:54.237000+00:00,Watched Demo video 040,Demo video 040,Watched,English,https://www.youtube.com/watch?v=VID00000040,VID00000040,Demo channel 180,https://www.youtube.com/channel/UCDEMOCHANNEL00000180,UCDEMOCHANNEL00000180
Carmen,2019-02-20 11:08:00.042000+00:00,Watched Demo video 258,Demo video 258,Watched,English,https://www.youtube.com/watch?v=VID00000258,VID00000258,Demo channel 090,https://www.youtube.com/channel/UCDEMOCHANNEL00000090,UCDEMOCHANNEL00000090
Carmen,2019-02-20 11:03:30.123000+00:00,Watched Demo video 177,Demo video 177,Watched,English,https://www.youtube.com/watch?v=VID00000177,VID00000177,Demo channel 061,https://www.youtube.com/channel/UCDEMOCHANNEL00000061,UCDEMOCHANNEL00000061
Carmen,2018-10-31 14:07:11.811000+00:00,Watched Demo video 240,Demo video 240,Watched,English,https://www.youtube.com/watch?v=VID00000240,VID00000240,Demo channel 026,https://www.youtube.com/channel/UCDEMOCHANNEL00000026,UCDEMOCHANNEL00000026
Carmen,2018-10-06 15:04:45.213000+00:00,Watched Demo video 149,Demo video 149,Watched,English,https://www.youtube.com/watch?v=VID00000149,VID00000149,Demo channel 176,https://www.youtube.com/channel/UCDEMOCHANNEL00000176,UCDEMOCHANNEL00000176
Carmen,2018-02-25 19:14:20.258000+00:00,Watched Demo video 041,Demo video 041,Watched,English,https://www.youtube.com/watch?v=VID00000041,VID00000041,,,
Carmen,2018-01-16 17:44:33.304000+00:00,Watched Demo video 029,Demo video 029,Watched,English,https://www.youtube.com/watch?v=VID00000029,VID00000029,,,
Carmen,2017-10-02 04:47:51.446000+00:00,Watched Demo video 046,Demo video 046,Watched,English,https://www.youtube.com/watch?v=VID00000046,VID00000046,Demo channel 135,https://www.youtube.com/channel/UCDEMOCHANNEL00000135,UCDEMOCHANNEL00000135
Carmen,2017-05-01 22:43:12.535000+00:00,Watched Demo video 139,Demo video 139,Watched,English,https://www.youtube.com/watch?v=VID00000139,VID00000139,Demo channel 147,https://www.youtube.com/channel/UCDEMOCHANNEL00000147,UCDEMOCHANNEL00000147
Carmen,2016-07-26 12:02:16.747000+00:00,Watched Demo video 224,Demo video 224,Watched,English,https://www.youtube.com/watch?v=VID00000224,VID00000224,Demo channel 034,https://www.youtube.com/channel/UCDEMOCHANNEL00000034,UCDEMOCHANNEL00000034
Carmen,2016-02-21 14:11:20.898000+00:00,Watched Demo video 075,Demo video 075,Watched,English,https://www.youtube.com/watch?v=VID00000075,VID00000075,Demo channel 130,https://www.youtube.com/channel/UCDEMOCHANNEL00000130,UCDEMOCHANNEL00000130
Carmen,2016-01-15 10:39:10.682000+00:00,Watched Demo video 221,Demo video 221,Watched,English,https://www.youtube.com/watch?v=VID00000221,VID00000221,Demo channel 089,https://www.youtube.com/channel/UCDEMOCHANNEL00000089,UCDEMOCHANNEL00000089
Carmen,2015-12-04 11:49:21.309000+00:00,Watched Demo video 101,Demo video 101,Watched,English,https://www.youtube.com/watch?v=VID00000101,VID00000101,Demo channel 085,https://www.youtube.com/channel/UCDEMOCHANNEL00000085,UCDEMOCHANNEL00000085
Carmen,2015-11-10 10:22:50.496000+00:00,Watched Demo video 194,Demo video 194,Watched,English,https://www.youtube.com/watch?v=VID00000194,VID00000194,Demo channel 100,https://www.youtube.com/channel/UCDEMOCHANNEL00000100,UCDEMOCHANNEL00000100
Carmen,2015-09-06 02:12:35.723000+00:00,Watched Demo video 223,Demo video 223,Watched,English,https://www.youtube.com/watch?v=VID00000223,VID00000223,Demo channel 005,https://www.youtube.com/channel/UCDEMOCHANNEL00000005,UCDEMOCHANNEL00000005
Carmen,2015-08-27 11:31:37.539000+00:00,Watched Demo video 093,Demo video 093,Watched,English,https://www.youtube.com/watch?v=VID00000093,VID00000093,Demo channel 104,https://www.youtube.com/channel/UCDEMOCHANNEL00000104,UCDEMOCHANNEL00000104
Carmen,2015-08-27 10:50:21.741000+00:00,Watched Demo video 147,Demo video 147,Watched,English,https://www.youtube.com/watch?v=VID00000147,VID00000147,Demo channel 011,https://www.youtube.com/channel/UCDEMOCHANNEL00000011,UCDEMOCHANNEL00000011
Carmen,2015-08-26 02:01:39.168000+00:00,Watched Demo video 099,Demo video 099,Watched,English,https://www.youtube.com/watch?v=VID00000099,VID00000099,Demo channel 104,https://www.youtube.com/channel/UCDEMOCHANNEL00000104,UCDEMOCHANNEL00000104
Carmen,2015-08-22 23:09:02.583000+00:00,Watched Demo video 260,Demo video 260,Watched,English,https://www.youtube.com/watch?v=VID00000260,VID00000260,Demo channel 011,https://www.youtube.com/channel/UCDEMOCHANNEL00000011,UCDEMOCHANNEL00000011
Carmen,2015-08-19 23:45:15.491000+00:00,Watched Demo video 060,Demo video 060,Watched,English,https://www.youtube.com/watch?v=VID00000060,VID00000060,Demo channel 011,https://www.youtube.com/channel/UCDEMOCHANNEL00000011,UCDEMOCHANNEL00000011
Carmen,2015-08-19 13:26:43.795000+00:00,Watched Demo video 167,Demo video 167,Watched,English,https://www.youtube.com/watch?v=VID00000167,VID00000167,Demo channel 130,https://www.youtube.com/channel/UCDEMOCHANNEL00000130,UCDEMOCHANNEL00000130
Carmen,2015-08-15 19:20:57.988000+00:00,Watched Demo video 102,Demo video 102,Watched,English,https://www.youtube.com/watch?v=VID00000102,VID00000102,Demo channel 052,https://www.youtube.com/channel/UCDEMOCHANNEL00000052,UCDEMOCHANNEL00000052
Carmen,2015-08-14 22:44:02.298000+00:00,Watched Demo video 148,Demo video 148,Watched,English,https://www.youtube.com/watch?v=VID00000148,VID00000148,Demo channel 017,https://www.youtube.com/channel/UCDEMOCHANNEL00000017,UCDEMOCHANNEL00000017
Carmen,2015-08-11 12:08:24.190000+00:00,Watched Demo video 067,Demo video 067,Watched,English,https://www.youtube.com/watch?v=VID00000067,VID00000067,Demo channel 054,https://www.youtube.com/channel/UCDEMOCHANNEL00000054,UCDEMOCHANNEL00000054
Carmen,2015-08-11 10:32:36.594000+00:00,Watched Demo video 252,Demo video 252,Watched,English,https://www.youtube.com/watch?v=VID00000252,VID00000252,Demo channel 062,https://www.youtube.com/channel/UCDEMOCHANNEL00000062,UCDEMOCHANNEL00000062
Carmen,2015-08-08 14:28:40.073000+00:00,Watched Demo video 102,Demo video 102,Watched,English,https://www.youtube.com/watch?v=VID00000102,VID00000102,Demo channel 052,https://www.youtube.com/channel/UCDEMOCHANNEL00000052,UCDEMOCHANNEL00000052
Carmen,2015-08-07 15:10:43.920000+00:00,Watched Demo video 050,Demo video 050,Watched,English,https://www.youtube.com/watch?v=VID00000050,VID00000050,Demo channel 038,https://www.youtube.com/channel/UCDEMOCHANNEL00000038,UCDEMOCHANNEL00000038
Carmen,2015-08-06 16:39:40.340000+00:00,Watched Demo video 024,Demo video 024,Watched,English,https://www.youtube.com/watch?v=VID00000024,VID00000024,Demo channel 011,https://www.youtube.com/channel/UCDEMOCHANNEL00000011,UCDEMOCHANNEL00000011
Carmen,2015-08-04 15:04:55.626000+00:00,Watched Demo video 190,Demo video 190,Watched,English,https://www.youtube.com/watch?v=VID00000190,VID00000190,Demo channel 128,https://www.youtube.com/channel/UCDEMOCHANNEL00000128,UCDEMOCHANNEL00000128
Carmen,2015-07-20 21:36:29.863000+00:00,Watched Demo video 255,Demo video 255,Watched,English,https://www.youtube.com/watch?v=VID00000255,VID00000255,Demo channel 112,https://www.youtube.com/channel/UCDEMOCHANNEL00000112,UCDEMOCHANNEL00000112
Carmen,2015-07-17 12:14:24.332000+00:00,Watched Demo video 241,Demo video 241,Watched,English,https://www.youtube.com/watch?v=VID00000241,VID00000241,Demo channel 101,https://www.youtube.com/channel/UCDEMOCHANNEL00000101,UCDEMOCHANNEL00000101
Carmen,2015-07-15 14:40:33.794000+00:00,Watched Demo video 283,Demo video 283,Watched,English,https://www.youtube.com/watch?v=VID00000283,VID00000283,Demo channel 153,https://www.youtube.com/channel/UCDEMOCHANNEL00000153,UCDEMOCHANNEL00000153
Carmen,2015-07-08 13:44:51.025000+00:00,Watched Demo video 265,Demo video 265,Watched,English,https://www.youtube.com/watch?v=VID00000265,VID00000265,Demo channel 114,https://www.youtube.com/channel/UCDEMOCHANNEL00000114,UCDEMOCHANNEL00000114
Carmen,2015-07-06 01:03:06.638000+00:00,Watched Demo video 161,Demo video 161,Watched,English,https://www.youtube.com/watch?v=VID00000161,VID00000161,,,
Carmen,2015-06-27 00:04:22.477000+00:00,Watched Demo video 105,Demo video 105,Watched,English,https://www.youtube.com/watch?v=VID00000105,VID00000105,Demo channel 170,https://www.youtube.com/channel/UCDEMOCHANNEL00000170,UCDEMOCHANNEL00000170
Carmen,2015-06-09 17:51:51.847000+00:00,Watched Demo video 086,Demo video 086,Watched,English,https://www.youtube.com/watch?v=VID00000086,VID00000086,,,
Carmen,2015-06-09 16:52:37.566000+00:00,Watched Demo video 115,Demo video 115,Watched,English,https://www.youtube.com/watch?v=VID00000115,VID00000115,Demo channel 078,https://www.youtube.com/channel/UCDEMOCHANNEL00000078,UCDEMOCHANNEL00000078
Carmen,2015-06-04 22:54:08.614000+00:00,Watched Demo video 256,Demo video 256,Watched,English,https://www.youtube.com/watch?v=VID00000256,VID00000256,Demo channel 059,https://www.youtube.com/channel/UCDEMOCHANNEL00000059,UCDEMOCHANNEL00000059
Carmen,2015-06-04 20:22:17.079000+00:00,Watched Demo video 228,Demo video 228,Watched,English,https://www.youtube.com/watch?v=VID00000228,VID00000228,Demo channel 077,https://www.youtube.com/channel/UCDEMOCHANNEL00000077,UCDEMOCHANNEL00000077
Carmen,2015-05-28 17:28:18.375000+00:00,Watched Demo video 304,Demo video 304,Watched,English,https://www.youtube.com/watch?v=VID00000304,VID00000304,Demo channel 032,https://www.youtube.com/channel/UCDEMOCHANNEL00000032,UCDEMOCHANNEL00000032
Carmen,2015-05-10 18:40:57.123000+00:00,Watched Demo video 106,Demo video 106,Watched,English,https://www.youtube.com/watch?v=VID00000106,VID00000106,Demo channel 173,https://www.youtube.com/channel/UCDEMOCHANNEL00000173,UCDEMOCHANNEL00000173
Carmen,2015-05-09 12:03:11.792000+00:00,Watched Demo video 229,Demo video 229,Watched,English,https://www.youtube.com/watch?v=VID00000229,VID00000229,Demo channel 156,https://www.youtube.com/channel/UCDEMOCHANNEL00000156,UCDEMOCHANNEL00000156
Carmen,2015-04-21 23:02:47.723000+00:00,Watched Demo video 291,Demo video 291,Watched,English,https://www.youtube.com/watch?v=VID00000291,VID00000291,Demo channel 158,https://www.youtube.com/channel/UCDEMOCHANNEL00000158,UCDEMOCHANNEL00000158
Carmen,2015-04-21 18:07:13.208000+00:00,Watched Demo video 143,Demo video 143,Watched,English,https://www.youtube.com/watch?v=VID00000143,VID00000143,Demo channel 031,https://www.youtube.com/channel/UCDEMOCHANNEL00000031,UCDEMOCHANNEL00000031
Carmen,2015-04-12 19:19:46.701000+00:00,Watched Demo video 229,Demo video 229,Watched,English,https://www.youtube.com/watch?v=VID00000229,VID00000229,Demo channel 156,https://www.youtube.com/channel/UCDEMOCHANNEL00000156,UCDEMOCHANNEL00000156
Carmen,2015-04-07 09:06:00.632000+00:00,Watched Demo video 164,Demo video 164,Watched,English,https://www.youtube.com/watch?v=VID00000164,VID00000164,Demo channel 021,https://www.youtube.com/channel/UCDEMOCHANNEL00000021,UCDEMOCHANNEL00000021
