id,title,channel_id,channel,uploader,duration,view_count,like_count,comment_count,channel_follower_count,upload_date,timestamp,webpage_url,categories,tags,language,resolution,width,height,fps,aspect_ratio,available_manual_subtitle_languages,available_auto_caption_languages,downloaded_subtitle_languages,downloaded_subtitle_file_count,metadata_status,error
VID00000001,Demo video 001,UCDEMOCHANNEL00000154,Demo channel 154,Demo channel 154,277,2234,67,8,1101,20200102,1577923200,https://www.youtube.com/watch?v=VID00000001,"[""Demo category""]","[""demo tag 001""]",en,1920x1080,1920,1080,30,1.78,en,en,en,1,ok,
VID00000002,Demo video 002,UCDEMOCHANNEL00000092,Demo channel 092,Demo channel 092,314,3468,84,11,1202,20200103,1578009600,https://www.youtube.com/watch?v=VID00000002,"[""Demo category""]","[""demo tag 002""]",en,1920x1080,1920,1080,30,1.78,en,en,en,1,ok,
VID00000003,Demo video 003,UCDEMOCHANNEL00000035,Demo channel 035,Demo channel 035,351,4702,101,14,1303,20200104,1578096000,https://www.youtube.com/watch?v=VID00000003,"[""Demo category""]","[""demo tag 003""]",en,1920x1080,1920,1080,30,1.78,en,en,en,1,ok,
VID00000004,Demo video 004,UCDEMOCHANNEL00000112,Demo channel 112,Demo channel 112,388,5936,118,17,1404,20200105,1578182400,https://www.youtube.com/watch?v=VID00000004,"[""Demo category""]","[""demo tag 004""]",en,1920x1080,1920,1080,30,1.78,en,en,en,1,ok,
VID00000005,,,,,,,,,,,,,,,,,,,,,,,,0,error,ERROR: Unable to download video subtitles for 'en': HTTP Error 429: Too Many Requests
VID00000006,Demo video 006,UCDEMOCHANNEL00000058,Demo channel 058,Demo channel 058,462,8404,152,23,1606,20200107,1578355200,https://www.youtube.com/watch?v=VID00000006,"[""Demo category""]","[""demo tag 006""]",en,1920x1080,1920,1080,30,1.78,en,en,en,1,ok,
VID00000007,Demo video 007,UCDEMOCHANNEL00000163,Demo channel 163,Demo channel 163,499,9638,169,26,1707,20200108,1578441600,https://www.youtube.com/watch?v=VID00000007,"[""Demo category""]","[""demo tag 007""]",en,1920x1080,1920,1080,30,1.78,en,en,en,1,ok,
VID00000009,,,,,,,,,,,,,,,,,,,,,,,,0,error,ERROR: [youtube] VID00000009: Video unavailable. This video is no longer available because the YouTube account associated with this video has been terminated.
VID00000010,Demo video 010,UCDEMOCHANNEL00000164,Demo channel 164,Demo channel 164,573,12106,203,32,1909,20200110,1578614400,https://www.youtube.com/watch?v=VID00000010,"[""Demo category""]","[""demo tag 009""]",en,1920x1080,1920,1080,30,1.78,en,en,en,1,ok,
VID00000011,,,,,,,,,,,,,,,,,,,,,,,,0,error,ERROR: [youtube] VID00000011: Private video. Sign in if you've been granted access to this video. Use --cookies-from-browser or --cookies for the authentication. See  https://github.com/yt-dlp/yt-dlp/wiki/FAQ#how-do-i-pass-cookies-to-yt-dlp  for how to manually pass cookies. Also see  https://github.com/yt-dlp/yt-dlp/wiki/Extractors#exporting-youtube-cookies  for tips on effectively exporting YouTube cookies
VID00000012,Demo video 012,UCDEMOCHANNEL00000056,Demo channel 056,Demo channel 056,647,14574,237,38,2111,20200112,1578787200,https://www.youtube.com/watch?v=VID00000012,"[""Demo category""]","[""demo tag 011""]",en,1920x1080,1920,1080,30,1.78,en,en,en,1,ok,
VID00000013,Demo video 013,UCDEMOCHANNEL00000097,Demo channel 097,Demo channel 097,684,15808,254,41,2212,20200113,1578873600,https://www.youtube.com/watch?v=VID00000013,"[""Demo category""]","[""demo tag 012""]",en,1920x1080,1920,1080,30,1.78,en,en,en,1,ok,
VID00000014,,,,,,,,,,,,,,,,,,,,,,,,0,error,ERROR: [youtube] VID00000014: This video has been removed for violating YouTube's Community Guidelines
VID00000015,,,,,,,,,,,,,,,,,,,,,,,,0,error,ERROR: Unable to download video subtitles for 'en': HTTP Error 429: Too Many Requests
VID00000016,Demo video 016,UCDEMOCHANNEL00000099,Demo channel 099,Demo channel 099,45,19510,305,50,2515,20200116,1579132800,https://www.youtube.com/watch?v=VID00000016,"[""Demo category""]","[""demo tag 015""]",en,1080x1920,1080,1920,30,0.56,en,en,en,1,ok,
VID00000017,Demo video 017,UCDEMOCHANNEL00000119,Demo channel 119,Demo channel 119,832,20744,322,53,2616,20200117,1579219200,https://www.youtube.com/watch?v=VID00000017,"[""Demo category""]","[""demo tag 016""]",en,1920x1080,1920,1080,30,1.78,en,en,en,1,ok,
VID00000018,Demo video 018,UCDEMOCHANNEL00000023,Demo channel 023,Demo channel 023,47,21978,339,56,2717,20200118,1579305600,https://www.youtube.com/watch?v=VID00000018,"[""Demo category""]","[""demo tag 017""]",en,1080x1920,1080,1920,30,0.56,en,en,en,1,ok,
VID00000019,Demo video 019,UCDEMOCHANNEL00000017,Demo channel 017,Demo channel 017,906,23212,356,59,2818,20200119,1579392000,https://www.youtube.com/watch?v=VID00000019,"[""Demo category""]","[""demo tag 018""]",en,1920x1080,1920,1080,30,1.78,en,en,en,1,ok,
VID00000020,Demo video 020,UCDEMOCHANNEL00000165,Demo channel 165,Demo channel 165,49,24446,373,62,2919,20200120,1579478400,https://www.youtube.com/watch?v=VID00000020,"[""Demo category""]","[""demo tag 019""]",en,1080x1920,1080,1920,30,0.56,en,en,en,1,ok,
VID00000021,Demo video 021,UCDEMOCHANNEL00000074,Demo channel 074,Demo channel 074,980,25680,390,65,3020,20200121,1579564800,https://www.youtube.com/watch?v=VID00000021,"[""Demo category""]","[""demo tag 020""]",en,1920x1080,1920,1080,30,1.78,en,en,en,1,ok,
VID00000022,Demo video 022,UCDEMOCHANNEL00000041,Demo channel 041,Demo channel 041,1017,26914,407,68,3121,20200122,1579651200,https://www.youtube.com/watch?v=VID00000022,"[""Demo category""]","[""demo tag 021""]",en,1920x1080,1920,1080,30,1.78,en,en,en,1,ok,
VID00000023,Demo video 023,UCDEMOCHANNEL00000108,Demo channel 108,Demo channel 108,1054,28148,424,71,3222,20200123,1579737600,https://www.youtube.com/watch?v=VID00000023,"[""Demo category""]","[""demo tag 022""]",en,1920x1080,1920,1080,30,1.78,en,en,en,1,ok,
VID00000024,Demo video 024,UCDEMOCHANNEL00000011,Demo channel 011,Demo channel 011,1091,29382,441,74,3323,20200124,1579824000,https://www.youtube.com/watch?v=VID00000024,"[""Demo category""]","[""demo tag 023""]",en,1920x1080,1920,1080,30,1.78,en,en,en,1,ok,
VID00000027,,,,,,,,,,,,,,,,,,,,,,,,0,error,ERROR: Unable to download video subtitles for 'en': HTTP Error 429: Too Many Requests
VID00000028,,,,,,,,,,,,,,,,,,,,,,,,0,error,ERROR: [youtube] VID00000028: Video unavailable. This video is no longer available because the YouTube account associated with this video has been terminated.
VID00000029,,,,,,,,,,,,,,,,,,,,,,,,0,error,ERROR: [youtube] VID00000029: Video unavailable. This video is no longer available due to a copyright claim by Hueber Verlag GmbH & Co. KG
VID00000030,Demo video 030,UCDEMOCHANNEL00000152,Demo channel 152,Demo channel 152,1239,34318,509,86,3727,20200128,1580169600,https://www.youtube.com/watch?v=VID00000030,"[""Demo category""]","[""demo tag 027""]",en,1920x1080,1920,1080,30,1.78,en,en,en,1,ok,
VID00000031,Demo video 031,UCDEMOCHANNEL00000029,Demo channel 029,Demo channel 029,1276,35552,526,89,3828,20200129,1580256000,https://www.youtube.com/watch?v=VID00000031,"[""Demo category""]","[""demo tag 028""]",en,1920x1080,1920,1080,30,1.78,en,en,en,1,ok,
VID00000032,Demo video 032,UCDEMOCHANNEL00000132,Demo channel 132,Demo channel 132,1313,36786,543,92,3929,20200130,1580342400,https://www.youtube.com/watch?v=VID00000032,"[""Demo category""]","[""demo tag 029""]",en,1920x1080,1920,1080,30,1.78,en,en,en,1,ok,
VID00000033,,,,,,,,,,,,,,,,,,,,,,,,0,error,ERROR: Unable to download video subtitles for 'en': HTTP Error 429: Too Many Requests
VID00000035,,,,,,,,,,,,,,,,,,,,,,,,0,error,ERROR: [youtube] VID00000035: Private video. Sign in if you've been granted access to this video. Use --cookies-from-browser or --cookies for the authentication. See  https://github.com/yt-dlp/yt-dlp/wiki/FAQ#how-do-i-pass-cookies-to-yt-dlp  for how to manually pass cookies. Also see  https://github.com/yt-dlp/yt-dlp/wiki/Extractors#exporting-youtube-cookies  for tips on effectively exporting YouTube cookies
VID00000036,,,,,,,,,,,,,,,,,,,,,,,,0,error,ERROR: Unable to download video subtitles for 'en': HTTP Error 429: Too Many Requests
VID00000037,Demo video 037,UCDEMOCHANNEL00000040,Demo channel 040,Demo channel 040,1461,41722,611,104,4333,20200203,1580688000,https://www.youtube.com/watch?v=VID00000037,"[""Demo category""]","[""demo tag 033""]",en,1920x1080,1920,1080,30,1.78,en,en,en,1,ok,
VID00000038,Demo video 038,UCDEMOCHANNEL00000076,Demo channel 076,Demo channel 076,1498,42956,628,107,4434,20200204,1580774400,https://www.youtube.com/watch?v=VID00000038,"[""Demo category""]","[""demo tag 034""]",en,1920x1080,1920,1080,30,1.78,en,en,en,1,ok,
VID00000040,Demo video 040,UCDEMOCHANNEL00000180,Demo channel 180,Demo channel 180,1535,44190,645,110,4535,20200205,1580860800,https://www.youtube.com/watch?v=VID00000040,"[""Demo category""]","[""demo tag 035""]",en,1920x1080,1920,1080,30,1.78,en,en,en,1,ok,
VID00000041,,,,,,,,,,,,,,,,,,,,,,,,0,error,ERROR: [youtube] VID00000041: Video unavailable. This video is no longer available due to a copyright claim by Vipassana Research Institute
VID00000042,Demo video 042,UCDEMOCHANNEL00000158,Demo channel 158,Demo channel 158,1609,46658,679,116,4737,20200207,1581033600,https://www.youtube.com/watch?v=VID00000042,"[""Demo category""]","[""demo tag 037""]",en,1920x1080,1920,1080,30,1.78,en,en,en,1,ok,
VID00000043,Demo video 043,UCDEMOCHANNEL00000112,Demo channel 112,Demo channel 112,1646,47892,696,119,4838,20200208,1581120000,https://www.youtube.com/watch?v=VID00000043,"[""Demo category""]","[""demo tag 038""]",en,1920x1080,1920,1080,30,1.78,en,en,en,1,ok,
VID00000044,Demo video 044,UCDEMOCHANNEL00000071,Demo channel 071,Demo channel 071,1683,49126,713,122,4939,20200209,1581206400,https://www.youtube.com/watch?v=VID00000044,"[""Demo category""]","[""demo tag 039""]",en,1920x1080,1920,1080,30,1.78,en,en,en,1,ok,
VID00000046,Demo video 046,UCDEMOCHANNEL00000135,Demo channel 135,Demo channel 135,1720,50360,730,125,5040,20200210,1581292800,https://www.youtube.com/watch?v=VID00000046,"[""Demo category""]","[""demo tag 040""]",en,1920x1080,1920,1080,30,1.78,en,en,en,1,ok,
VID00000048,,,,,,,,,,,,,,,,,,,,,,,,0,error,ERROR: Unable to download video subtitles for 'en': HTTP Error 429: Too Many Requests
VID00000049,Demo video 049,UCDEMOCHANNEL00000029,Demo channel 029,Demo channel 029,1794,52828,764,131,5242,20200212,1581465600,https://www.youtube.com/watch?v=VID00000049,"[""Demo category""]","[""demo tag 042""]",en,1920x1080,1920,1080,30,1.78,en,en,en,1,ok,
VID00000050,Demo video 050,UCDEMOCHANNEL00000038,Demo channel 038,Demo channel 038,1831,54062,781,134,5343,20200213,1581552000,https://www.youtube.com/watch?v=VID00000050,"[""Demo category""]","[""demo tag 043""]",en,1920x1080,1920,1080,30,1.78,en,en,en,1,ok,
VID00000051,Demo video 051,UCDEMOCHANNEL00000081,Demo channel 081,Demo channel 081,1868,55296,798,137,5444,20200214,1581638400,https://www.youtube.com/watch?v=VID00000051,"[""Demo category""]","[""demo tag 044""]",en,1920x1080,1920,1080,30,1.78,en,en,en,1,ok,
VID00000052,Demo video 052,UCDEMOCHANNEL00000091,Demo channel 091,Demo channel 091,1905,56530,815,140,5545,20200215,1581724800,https://www.youtube.com/watch?v=VID00000052,"[""Demo category""]","[""demo tag 045""]",en,1920x1080,1920,1080,30,1.78,en,en,en,1,ok,
VID00000053,,,,,,,,,,,,,,,,,,,,,,,,0,error,"ERROR: [youtube] VID00000053: Video unavailable. This video contains content from WMG, who has blocked it in your country on copyright grounds"
VID00000055,Demo video 055,UCDEMOCHANNEL00000078,Demo channel 078,Demo channel 078,1979,58998,849,146,5747,20200217,1581897600,https://www.youtube.com/watch?v=VID00000055,"[""Demo category""]","[""demo tag 047""]",en,1920x1080,1920,1080,30,1.78,en,en,en,1,ok,
VID00000056,Demo video 056,UCDEMOCHANNEL00000029,Demo channel 029,Demo channel 029,2016,60232,866,149,5848,20200218,1581984000,https://www.youtube.com/watch?v=VID00000056,"[""Demo category""]","[""demo tag 048""]",en,1920x1080,1920,1080,30,1.78,en,en,en,1,ok,
VID00000057,,,,,,,,,,,,,,,,,,,,,,,,0,error,ERROR: Unable to download video subtitles for 'en': HTTP Error 429: Too Many Requests
VID00000059,Demo video 059,UCDEMOCHANNEL00000015,Demo channel 015,Demo channel 015,2090,62700,900,155,6050,20200220,1582156800,https://www.youtube.com/watch?v=VID00000059,"[""Demo category""]","[""demo tag 050""]",en,1920x1080,1920,1080,30,1.78,en,en,en,1,ok,
VID00000060,Demo video 060,UCDEMOCHANNEL00000011,Demo channel 011,Demo channel 011,2127,63934,917,158,6151,20200221,1582243200,https://www.youtube.com/watch?v=VID00000060,"[""Demo category""]","[""demo tag 051""]",en,1920x1080,1920,1080,30,1.78,en,en,en,1,ok,
VID00000062,Demo video 062,UCDEMOCHANNEL00000136,Demo channel 136,Demo channel 136,2164,65168,934,161,6252,20200222,1582329600,https://www.youtube.com/watch?v=VID00000062,"[""Demo category""]","[""demo tag 052""]",en,1920x1080,1920,1080,30,1.78,en,en,en,1,ok,
VID00000063,,,,,,,,,,,,,,,,,,,,,,,,0,error,ERROR: Unable to download video subtitles for 'en': HTTP Error 429: Too Many Requests
VID00000065,,,,,,,,,,,,,,,,,,,,,,,,0,error,ERROR: [youtube] VID00000065: Video unavailable. This video is no longer available because the YouTube account associated with this video has been terminated.
VID00000067,,,,,,,,,,,,,,,,,,,,,,,,0,error,ERROR: Unable to download video subtitles for 'en': HTTP Error 429: Too Many Requests
VID00000070,Demo video 070,UCDEMOCHANNEL00000178,Demo channel 178,Demo channel 178,2312,70104,1002,173,6656,20200226,1582675200,https://www.youtube.com/watch?v=VID00000070,"[""Demo category""]","[""demo tag 056""]",en,1920x1080,1920,1080,30,1.78,en,en,en,1,ok,
VID00000072,Demo video 072,UCDEMOCHANNEL00000051,Demo channel 051,Demo channel 051,2349,71338,1019,176,6757,20200227,1582761600,https://www.youtube.com/watch?v=VID00000072,"[""Demo category""]","[""demo tag 057""]",en,1920x1080,1920,1080,30,1.78,en,en,en,1,ok,
VID00000073,Demo video 073,UCDEMOCHANNEL00000013,Demo channel 013,Demo channel 013,2386,72572,1036,179,6858,20200228,1582848000,https://www.youtube.com/watch?v=VID00000073,"[""Demo category""]","[""demo tag 058""]",en,1920x1080,1920,1080,30,1.78,en,en,en,1,ok,
VID00000074,Demo video 074,UCDEMOCHANNEL00000066,Demo channel 066,Demo channel 066,2423,73806,1053,182,6959,20200229,1582934400,https://www.youtube.com/watch?v=VID00000074,"[""Demo category""]","[""demo tag 059""]",en,1920x1080,1920,1080,30,1.78,en,en,en,1,ok,
VID00000075,Demo video 075,UCDEMOCHANNEL00000130,Demo channel 130,Demo channel 130,2460,75040,1070,185,7060,20200301,1583020800,https://www.youtube.com/watch?v=VID00000075,"[""Demo category""]","[""demo tag 060""]",en,1920x1080,1920,1080,30,1.78,en,en,en,1,ok,
VID00000076,Demo video 076,UCDEMOCHANNEL00000127,Demo channel 127,Demo channel 127,2497,76274,1087,188,7161,20200302,1583107200,https://www.youtube.com/watch?v=VID00000076,"[""Demo category""]","[""demo tag 061""]",en,1920x1080,1920,1080,30,1.78,en,en,en,1,ok,
VID00000077,Demo video 077,UCDEMOCHANNEL00000138,Demo channel 138,Demo channel 138,2534,77508,1104,191,7262,20200303,1583193600,https://www.youtube.com/watch?v=VID00000077,"[""Demo category""]","[""demo tag 062""]",en,1920x1080,1920,1080,30,1.78,en,en,en,1,ok,
VID00000078,,,,,,,,,,,,,,,,,,,,,,,,0,error,ERROR: [youtube] VID00000078: Video unavailable. This video is no longer available because the YouTube account associated with this video has been terminated.
VID00000079,Demo video 079,UCDEMOCHANNEL00000011,Demo channel 011,Demo channel 011,2608,79976,1138,197,7464,20200305,1583366400,https://www.youtube.com/watch?v=VID00000079,"[""Demo category""]","[""demo tag 064""]",en,1920x1080,1920,1080,30,1.78,en,en,en,1,ok,
VID00000080,Demo video 080,UCDEMOCHANNEL00000179,Demo channel 179,Demo channel 179,2645,81210,1155,200,7565,20200306,1583452800,https://www.youtube.com/watch?v=VID00000080,"[""Demo category""]","[""demo tag 065""]",en,1920x1080,1920,1080,30,1.78,en,en,en,1,ok,
VID00000082,,,,,,,,,,,,,,,,,,,,,,,,0,error,ERROR: [youtube] VID00000082: Video unavailable
VID00000083,Demo video 083,UCDEMOCHANNEL00000018,Demo channel 018,Demo channel 018,2719,83678,1189,206,7767,20200308,1583625600,https://www.youtube.com/watch?v=VID00000083,"[""Demo category""]","[""demo tag 067""]",en,1920x1080,1920,1080,30,1.78,en,en,en,1,ok,
VID00000084,,,,,,,,,,,,,,,,,,,,,,,,0,error,"ERROR: [youtube] VID00000084: Video unavailable. This video contains content from WMG, who has blocked it on copyright grounds"
VID00000085,,,,,,,,,,,,,,,,,,,,,,,,0,error,ERROR: Unable to download video subtitles for 'en': HTTP Error 429: Too Many Requests
VID00000086,,,,,,,,,,,,,,,,,,,,,,,,0,error,ERROR: [youtube] VID00000086: Private video. Sign in if you've been granted access to this video. Use --cookies-from-browser or --cookies for the authentication. See  https://github.com/yt-dlp/yt-dlp/wiki/FAQ#how-do-i-pass-cookies-to-yt-dlp  for how to manually pass cookies. Also see  https://github.com/yt-dlp/yt-dlp/wiki/Extractors#exporting-youtube-cookies  for tips on effectively exporting YouTube cookies
VID00000087,,,,,,,,,,,,,,,,,,,,,,,,0,error,ERROR: Unable to download video subtitles for 'en': HTTP Error 429: Too Many Requests
VID00000088,Demo video 088,UCDEMOCHANNEL00000029,Demo channel 029,Demo channel 029,2904,89848,1274,221,8272,20200313,1584057600,https://www.youtube.com/watch?v=VID00000088,"[""Demo category""]","[""demo tag 072""]",en,1920x1080,1920,1080,30,1.78,en,en,en,1,ok,
VID00000089,Demo video 089,UCDEMOCHANNEL00000177,Demo channel 177,Demo channel 177,2941,91082,1291,224,8373,20200314,1584144000,https://www.youtube.com/watch?v=VID00000089,"[""Demo category""]","[""demo tag 073""]",en,1920x1080,1920,1080,30,1.78,en,en,en,1,ok,
VID00000090,,,,,,,,,,,,,,,,,,,,,,,,0,error,ERROR: [youtube] VID00000090: Private video. Sign in if you've been granted access to this video. Use --cookies-from-browser or --cookies for the authentication. See  https://github.com/yt-dlp/yt-dlp/wiki/FAQ#how-do-i-pass-cookies-to-yt-dlp  for how to manually pass cookies. Also see  https://github.com/yt-dlp/yt-dlp/wiki/Extractors#exporting-youtube-cookies  for tips on effectively exporting YouTube cookies
VID00000091,Demo video 091,UCDEMOCHANNEL00000106,Demo channel 106,Demo channel 106,3015,93550,1325,230,8575,20200316,1584316800,https://www.youtube.com/watch?v=VID00000091,"[""Demo category""]","[""demo tag 075""]",en,1920x1080,1920,1080,30,1.78,en,en,en,1,ok,
VID00000092,Demo video 092,UCDEMOCHANNEL00000098,Demo channel 098,Demo channel 098,3052,94784,1342,233,8676,20200317,1584403200,https://www.youtube.com/watch?v=VID00000092,"[""Demo category""]","[""demo tag 076""]",en,1920x1080,1920,1080,30,1.78,en,en,en,1,ok,
VID00000093,Demo video 093,UCDEMOCHANNEL00000104,Demo channel 104,Demo channel 104,3089,96018,1359,236,8777,20200318,1584489600,https://www.youtube.com/watch?v=VID00000093,"[""Demo category""]","[""demo tag 077""]",en,1920x1080,1920,1080,30,1.78,en,en,en,1,ok,
VID00000094,Demo video 094,UCDEMOCHANNEL00000145,Demo channel 145,Demo channel 145,3126,97252,1376,239,8878,20200319,1584576000,https://www.youtube.com/watch?v=VID00000094,"[""Demo category""]","[""demo tag 078""]",en,1920x1080,1920,1080,30,1.78,en,en,en,1,ok,
VID00000095,Demo video 095,UCDEMOCHANNEL00000151,Demo channel 151,Demo channel 151,3163,98486,1393,242,8979,20200320,1584662400,https://www.youtube.com/watch?v=VID00000095,"[""Demo category""]","[""demo tag 079""]",en,1920x1080,1920,1080,30,1.78,en,en,en,1,ok,
VID00000096,,,,,,,,,,,,,,,,,,,,,,,,0,error,ERROR: [youtube] VID00000096: This video has been removed for violating YouTube's Community Guidelines
VID00000097,,,,,,,,,,,,,,,,,,,,,,,,0,error,ERROR: Unable to download video subtitles for 'en': HTTP Error 429: Too Many Requests
VID00000099,Demo video 099,UCDEMOCHANNEL00000104,Demo channel 104,Demo channel 104,3274,102188,1444,251,9282,20200323,1584921600,https://www.youtube.com/watch?v=VID00000099,"[""Demo category""]","[""demo tag 082""]",en,1920x1080,1920,1080,30,1.78,en,en,en,1,ok,
VID00000100,Demo video 100,UCDEMOCHANNEL00000109,Demo channel 109,Demo channel 109,3311,103422,1461,254,9383,20200324,1585008000,https://www.youtube.com/watch?v=VID00000100,"[""Demo category""]","[""demo tag 083""]",en,1920x1080,1920,1080,30,1.78,en,en,en,1,ok,
VID00000101,Demo video 101,UCDEMOCHANNEL00000085,Demo channel 085,Demo channel 085,3348,104656,1478,257,9484,20200325,1585094400,https://www.youtube.com/watch?v=VID00000101,"[""Demo category""]","[""demo tag 084""]",en,1920x1080,1920,1080,30,1.78,en,en,en,1,ok,
VID00000102,Demo video 102,UCDEMOCHANNEL00000052,Demo channel 052,Demo channel 052,3385,105890,1495,260,9585,20200326,1585180800,https://www.youtube.com/watch?v=VID00000102,"[""Demo category""]","[""demo tag 085""]",en,1920x1080,1920,1080,30,1.78,en,en,en,1,ok,
VID00000104,Demo video 104,UCDEMOCHANNEL00000173,Demo channel 173,Demo channel 173,3422,107124,1512,263,9686,20200327,1585267200,https://www.youtube.com/watch?v=VID00000104,"[""Demo category""]","[""demo tag 086""]",en,1920x1080,1920,1080,30,1.78,en,en,en,1,ok,
VID00000105,Demo video 105,UCDEMOCHANNEL00000170,Demo channel 170,Demo channel 170,3459,108358,1529,266,9787,20200328,1585353600,https://www.youtube.com/watch?v=VID00000105,"[""Demo category""]","[""demo tag 087""]",en,1920x1080,1920,1080,30,1.78,en,en,en,1,ok,
VID00000106,Demo video 106,UCDEMOCHANNEL00000173,Demo channel 173,Demo channel 173,3496,109592,1546,269,9888,20200329,1585440000,https://www.youtube.com/watch?v=VID00000106,"[""Demo category""]","[""demo tag 088""]",en,1920x1080,1920,1080,30,1.78,en,en,en,1,ok,
VID00000108,,,,,,,,,,,,,,,,,,,,,,,,0,error,ERROR: [youtube] VID00000108: Video unavailable. This video is no longer available because the YouTube account associated with this video has been terminated.
VID00000110,Demo video 110,UCDEMOCHANNEL00000007,Demo channel 007,Demo channel 007,3570,112060,1580,275,10090,20200331,1585612800,https://www.youtube.com/watch?v=VID00000110,"[""Demo category""]","[""demo tag 090""]",en,1920x1080,1920,1080,30,1.78,en,en,en,1,ok,
VID00000111,Demo video 111,UCDEMOCHANNEL00000171,Demo channel 171,Demo channel 171,3607,113294,1597,278,10191,20200401,1585699200,https://www.youtube.com/watch?v=VID00000111,"[""Demo category""]","[""demo tag 091""]",en,1920x1080,1920,1080,30,1.78,en,en,en,1,ok,
VID00000112,,,,,,,,,,,,,,,,,,,,,,,,0,error,"ERROR: [youtube] VID00000112: Video unavailable. This video contains content from Disney Enterprises, who has blocked it on copyright grounds"
VID00000113,Demo video 113,UCDEMOCHANNEL00000004,Demo channel 004,Demo channel 004,3681,115762,1631,284,10393,20200403,1585872000,https://www.youtube.com/watch?v=VID00000113,"[""Demo category""]","[""demo tag 093""]",en,1920x1080,1920,1080,30,1.78,en,en,en,1,ok,
VID00000114,Demo video 114,UCDEMOCHANNEL00000063,Demo channel 063,Demo channel 063,3718,116996,1648,287,10494,20200404,1585958400,https://www.youtube.com/watch?v=VID00000114,"[""Demo category""]","[""demo tag 094""]",en,1920x1080,1920,1080,30,1.78,en,en,en,1,ok,
VID00000115,Demo video 115,UCDEMOCHANNEL00000078,Demo channel 078,Demo channel 078,3755,118230,1665,290,10595,20200405,1586044800,https://www.youtube.com/watch?v=VID00000115,"[""Demo category""]","[""demo tag 095""]",en,1920x1080,1920,1080,30,1.78,en,en,en,1,ok,
VID00000116,,,,,,,,,,,,,,,,,,,,,,,,0,error,ERROR: [youtube] VID00000116: Private video. Sign in if you've been granted access to this video. Use --cookies-from-browser or --cookies for the authentication. See  https://github.com/yt-dlp/yt-dlp/wiki/FAQ#how-do-i-pass-cookies-to-yt-dlp  for how to manually pass cookies. Also see  https://github.com/yt-dlp/yt-dlp/wiki/Extractors#exporting-youtube-cookies  for tips on effectively exporting YouTube cookies
VID00000117,Demo video 117,UCDEMOCHANNEL00000093,Demo channel 093,Demo channel 093,3829,120698,1699,296,10797,20200407,1586217600,https://www.youtube.com/watch?v=VID00000117,"[""Demo category""]","[""demo tag 097""]",en,1920x1080,1920,1080,30,1.78,en,en,en,1,ok,
VID00000119,Demo video 119,UCDEMOCHANNEL00000121,Demo channel 121,Demo channel 121,266,121932,1716,299,10898,20200408,1586304000,https://www.youtube.com/watch?v=VID00000119,"[""Demo category""]","[""demo tag 098""]",en,1920x1080,1920,1080,30,1.78,en,en,en,1,ok,
VID00000122,Demo video 122,UCDEMOCHANNEL00000027,Demo channel 027,Demo channel 027,303,123166,1733,302,10999,20200409,1586390400,https://www.youtube.com/watch?v=VID00000122,"[""Demo category""]","[""demo tag 099""]",en,1920x1080,1920,1080,30,1.78,en,en,en,1,ok,
VID00000123,Demo video 123,UCDEMOCHANNEL00000011,Demo channel 011,Demo channel 011,340,124400,1750,305,11100,20200410,1586476800,https://www.youtube.com/watch?v=VID00000123,"[""Demo category""]","[""demo tag 100""]",en,1920x1080,1920,1080,30,1.78,en,en,en,1,ok,
VID00000124,,,,,,,,,,,,,,,,,,,,,,,,0,error,ERROR: [youtube] VID00000124: This video is not available
VID00000125,Demo video 125,UCDEMOCHANNEL00000008,Demo channel 008,Demo channel 008,132,126868,1784,311,11302,20200412,1586649600,https://www.youtube.com/watch?v=VID00000125,"[""Demo category""]","[""demo tag 102""]",en,1080x1920,1080,1920,30,0.56,en,en,en,1,ok,
VID00000126,Demo video 126,UCDEMOCHANNEL00000006,Demo channel 006,Demo channel 006,451,128102,1801,314,11403,20200413,1586736000,https://www.youtube.com/watch?v=VID00000126,"[""Demo category""]","[""demo tag 103""]",en,1920x1080,1920,1080,30,1.78,en,en,en,1,ok,
VID00000127,Demo video 127,UCDEMOCHANNEL00000167,Demo channel 167,Demo channel 167,488,129336,1818,317,11504,20200414,1586822400,https://www.youtube.com/watch?v=VID00000127,"[""Demo category""]","[""demo tag 104""]",en,1920x1080,1920,1080,30,1.78,en,en,en,1,ok,
VID00000128,Demo video 128,UCDEMOCHANNEL00000093,Demo channel 093,Demo channel 093,525,130570,1835,320,11605,20200415,1586908800,https://www.youtube.com/watch?v=VID00000128,"[""Demo category""]","[""demo tag 105""]",en,1920x1080,1920,1080,30,1.78,en,en,en,1,ok,
VID00000129,Demo video 129,UCDEMOCHANNEL00000084,Demo channel 084,Demo channel 084,562,131804,1852,323,11706,20200416,1586995200,https://www.youtube.com/watch?v=VID00000129,"[""Demo category""]","[""demo tag 106""]",en,1920x1080,1920,1080,30,1.78,en,en,en,1,ok,
VID00000130,,,,,,,,,,,,,,,,,,,,,,,,0,error,ERROR: Unable to download video subtitles for 'en': HTTP Error 429: Too Many Requests
VID00000132,Demo video 132,UCDEMOCHANNEL00000073,Demo channel 073,Demo channel 073,636,134272,1886,329,11908,20200418,1587168000,https://www.youtube.com/watch?v=VID00000132,"[""Demo category""]","[""demo tag 108""]",en,1920x1080,1920,1080,30,1.78,en,en,en,1,ok,
VID00000133,Demo video 133,UCDEMOCHANNEL00000083,Demo channel 083,Demo channel 083,673,135506,1903,332,12009,20200419,1587254400,https://www.youtube.com/watch?v=VID00000133,"[""Demo category""]","[""demo tag 109""]",en,1920x1080,1920,1080,30,1.78,en,en,en,1,ok,
VID00000134,Demo video 134,UCDEMOCHANNEL00000048,Demo channel 048,Demo channel 048,710,136740,1920,335,12110,20200420,1587340800,https://www.youtube.com/watch?v=VID00000134,"[""Demo category""]","[""demo tag 110""]",en,1920x1080,1920,1080,30,1.78,en,en,en,1,ok,
VID00000135,Demo video 135,UCDEMOCHANNEL00000022,Demo channel 022,Demo channel 022,747,137974,1937,338,12211,20200421,1587427200,https://www.youtube.com/watch?v=VID00000135,"[""Demo category""]","[""demo tag 111""]",en,1920x1080,1920,1080,30,1.78,en,en,en,1,ok,
VID00000137,Demo video 137,UCDEMOCHANNEL00000082,Demo channel 082,Demo channel 082,784,139208,1954,341,12312,20200422,1587513600,https://www.youtube.com/watch?v=VID00000137,"[""Demo category""]","[""demo tag 112""]",en,1920x1080,1920,1080,30,1.78,en,en,en,1,ok,
VID00000138,Demo video 138,UCDEMOCHANNEL00000072,Demo channel 072,Demo channel 072,821,140442,1971,344,12413,20200423,1587600000,https://www.youtube.com/watch?v=VID00000138,"[""Demo category""]","[""demo tag 113""]",en,1920x1080,1920,1080,30,1.78,en,en,en,1,ok,
VID00000139,,,,,,,,,,,,,,,,,,,,,,,,0,error,ERROR: Unable to download video subtitles for 'en': HTTP Error 429: Too Many Requests
VID00000141,Demo video 141,UCDEMOCHANNEL00000022,Demo channel 022,Demo channel 022,895,142910,2005,350,12615,20200425,1587772800,https://www.youtube.com/watch?v=VID00000141,"[""Demo category""]","[""demo tag 115""]",en,1920x1080,1920,1080,30,1.78,en,en,en,1,ok,
VID00000142,Demo video 142,UCDEMOCHANNEL00000088,Demo channel 088,Demo channel 088,932,144144,2022,353,12716,20200426,1587859200,https://www.youtube.com/watch?v=VID00000142,"[""Demo category""]","[""demo tag 116""]",en,1920x1080,1920,1080,30,1.78,en,en,en,1,ok,
VID00000143,Demo video 143,UCDEMOCHANNEL00000031,Demo channel 031,Demo channel 031,969,145378,2039,356,12817,20200427,1587945600,https://www.youtube.com/watch?v=VID00000143,"[""Demo category""]","[""demo tag 117""]",en,1920x1080,1920,1080,30,1.78,en,en,en,1,ok,
VID00000144,Demo video 144,UCDEMOCHANNEL00000011,Demo channel 011,Demo channel 011,1006,146612,2056,359,12918,20200428,1588032000,https://www.youtube.com/watch?v=VID00000144,"[""Demo category""]","[""demo tag 118""]",en,1920x1080,1920,1080,30,1.78,en,en,en,1,ok,
VID00000146,Demo video 146,UCDEMOCHANNEL00000126,Demo channel 126,Demo channel 126,1043,147846,2073,362,13019,20200429,1588118400,https://www.youtube.com/watch?v=VID00000146,"[""Demo category""]","[""demo tag 119""]",en,1920x1080,1920,1080,30,1.78,en,en,en,1,ok,
VID00000147,Demo video 147,UCDEMOCHANNEL00000011,Demo channel 011,Demo channel 011,1080,149080,2090,365,13120,20200430,1588204800,https://www.youtube.com/watch?v=VID00000147,"[""Demo category""]","[""demo tag 120""]",en,1920x1080,1920,1080,30,1.78,en,en,en,1,ok,
VID00000148,Demo video 148,UCDEMOCHANNEL00000017,Demo channel 017,Demo channel 017,1117,150314,2107,368,13221,20200501,1588291200,https://www.youtube.com/watch?v=VID00000148,"[""Demo category""]","[""demo tag 121""]",en,1920x1080,1920,1080,30,1.78,en,en,en,1,ok,
VID00000149,Demo video 149,UCDEMOCHANNEL00000176,Demo channel 176,Demo channel 176,1154,151548,2124,371,13322,20200502,1588377600,https://www.youtube.com/watch?v=VID00000149,"[""Demo category""]","[""demo tag 122""]",en,1920x1080,1920,1080,30,1.78,en,en,en,1,ok,
VID00000150,Demo video 150,UCDEMOCHANNEL00000171,Demo channel 171,Demo channel 171,1191,152782,2141,374,13423,20200503,1588464000,https://www.youtube.com/watch?v=VID00000150,"[""Demo category""]","[""demo tag 123""]",en,1920x1080,1920,1080,30,1.78,en,en,en,1,ok,
VID00000151,Demo video 151,UCDEMOCHANNEL00000020,Demo channel 020,Demo channel 020,1228,154016,2158,377,13524,20200504,1588550400,https://www.youtube.com/watch?v=VID00000151,"[""Demo category""]","[""demo tag 124""]",en,1920x1080,1920,1080,30,1.78,en,en,en,1,ok,
VID00000152,Demo video 152,UCDEMOCHANNEL00000079,Demo channel 079,Demo channel 079,1265,155250,2175,380,13625,20200505,1588636800,https://www.youtube.com/watch?v=VID00000152,"[""Demo category""]","[""demo tag 125""]",en,1920x1080,1920,1080,30,1.78,en,en,en,1,ok,
VID00000154,Demo video 154,UCDEMOCHANNEL00000157,Demo channel 157,Demo channel 157,1302,156484,2192,383,13726,20200506,1588723200,https://www.youtube.com/watch?v=VID00000154,"[""Demo category""]","[""demo tag 126""]",en,1920x1080,1920,1080,30,1.78,en,en,en,1,ok,
VID00000155,Demo video 155,UCDEMOCHANNEL00000161,Demo channel 161,Demo channel 161,1339,157718,2209,386,13827,20200507,1588809600,https://www.youtube.com/watch?v=VID00000155,"[""Demo category""]","[""demo tag 127""]",en,1920x1080,1920,1080,30,1.78,en,en,en,1,ok,
VID00000156,Demo video 156,UCDEMOCHANNEL00000175,Demo channel 175,Demo channel 175,1376,158952,2226,389,13928,20200508,1588896000,https://www.youtube.com/watch?v=VID00000156,"[""Demo category""]","[""demo tag 128""]",en,1920x1080,1920,1080,30,1.78,en,en,en,1,ok,
VID00000157,Demo video 157,UCDEMOCHANNEL00000137,Demo channel 137,Demo channel 137,1413,160186,2243,392,14029,20200509,1588982400,https://www.youtube.com/watch?v=VID00000157,"[""Demo category""]","[""demo tag 129""]",en,1920x1080,1920,1080,30,1.78,en,en,en,1,ok,
VID00000158,Demo video 158,UCDEMOCHANNEL00000131,Demo channel 131,Demo channel 131,1450,161420,2260,395,14130,20200510,1589068800,https://www.youtube.com/watch?v=VID00000158,"[""Demo category""]","[""demo tag 130""]",en,1920x1080,1920,1080,30,1.78,en,en,en,1,ok,
VID00000159,Demo video 159,UCDEMOCHANNEL00000045,Demo channel 045,Demo channel 045,1487,162654,2277,398,14231,20200511,1589155200,https://www.youtube.com/watch?v=VID00000159,"[""Demo category""]","[""demo tag 131""]",en,1920x1080,1920,1080,30,1.78,en,en,en,1,ok,
VID00000160,Demo video 160,UCDEMOCHANNEL00000084,Demo channel 084,Demo channel 084,1524,163888,2294,401,14332,20200512,1589241600,https://www.youtube.com/watch?v=VID00000160,"[""Demo category""]","[""demo tag 132""]",en,1920x1080,1920,1080,30,1.78,en,en,en,1,ok,
VID00000161,,,,,,,,,,,,,,,,,,,,,,,,0,error,ERROR: [youtube] VID00000161: Video unavailable
VID00000162,Demo video 162,UCDEMOCHANNEL00000016,Demo channel 016,Demo channel 016,1598,166356,2328,407,14534,20200514,1589414400,https://www.youtube.com/watch?v=VID00000162,"[""Demo category""]","[""demo tag 134""]",en,1920x1080,1920,1080,30,1.78,en,en,en,1,ok,
VID00000163,Demo video 163,UCDEMOCHANNEL00000055,Demo channel 055,Demo channel 055,1635,167590,2345,410,14635,20200515,1589500800,https://www.youtube.com/watch?v=VID00000163,"[""Demo category""]","[""demo tag 135""]",en,1920x1080,1920,1080,30,1.78,en,en,en,1,ok,
VID00000164,Demo video 164,UCDEMOCHANNEL00000021,Demo channel 021,Demo channel 021,1672,168824,2362,413,14736,20200516,1589587200,https://www.youtube.com/watch?v=VID00000164,"[""Demo category""]","[""demo tag 136""]",en,1920x1080,1920,1080,30,1.78,en,en,en,1,ok,
VID00000165,Demo video 165,UCDEMOCHANNEL00000142,Demo channel 142,Demo channel 142,1709,170058,2379,416,14837,20200517,1589673600,https://www.youtube.com/watch?v=VID00000165,"[""Demo category""]","[""demo tag 137""]",en,1920x1080,1920,1080,30,1.78,en,en,en,1,ok,
VID00000166,,,,,,,,,,,,,,,,,,,,,,,,0,error,ERROR: [youtube] VID00000166: Video unavailable. This video is no longer available because the YouTube account associated with this video has been terminated.
VID00000167,Demo video 167,UCDEMOCHANNEL00000130,Demo channel 130,Demo channel 130,1783,172526,2413,422,15039,20200519,1589846400,https://www.youtube.com/watch?v=VID00000167,"[""Demo category""]","[""demo tag 139""]",en,1920x1080,1920,1080,30,1.78,en,en,en,1,ok,
VID00000169,Demo video 169,UCDEMOCHANNEL00000064,Demo channel 064,Demo channel 064,1820,173760,2430,425,15140,20200520,1589932800,https://www.youtube.com/watch?v=VID00000169,"[""Demo category""]","[""demo tag 140""]",en,1920x1080,1920,1080,30,1.78,en,en,en,1,ok,
VID00000170,Demo video 170,UCDEMOCHANNEL00000024,Demo channel 024,Demo channel 024,1857,174994,2447,428,15241,20200521,1590019200,https://www.youtube.com/watch?v=VID00000170,"[""Demo category""]","[""demo tag 141""]",en,1920x1080,1920,1080,30,1.78,en,en,en,1,ok,
VID00000172,Demo video 172,UCDEMOCHANNEL00000086,Demo channel 086,Demo channel 086,1894,176228,2464,431,15342,20200522,1590105600,https://www.youtube.com/watch?v=VID00000172,"[""Demo category""]","[""demo tag 142""]",en,1920x1080,1920,1080,30,1.78,en,en,en,1,ok,
VID00000174,Demo video 174,UCDEMOCHANNEL00000118,Demo channel 118,Demo channel 118,1931,177462,2481,434,15443,20200523,1590192000,https://www.youtube.com/watch?v=VID00000174,"[""Demo category""]","[""demo tag 143""]",en,1920x1080,1920,1080,30,1.78,en,en,en,1,ok,
VID00000175,Demo video 175,UCDEMOCHANNEL00000017,Demo channel 017,Demo channel 017,1968,178696,2498,437,15544,20200524,1590278400,https://www.youtube.com/watch?v=VID00000175,"[""Demo category""]","[""demo tag 144""]",en,1920x1080,1920,1080,30,1.78,en,en,en,1,ok,
VID00000177,,,,,,,,,,,,,,,,,,,,,,,,0,error,ERROR: Unable to download video subtitles for 'en': HTTP Error 429: Too Many Requests
VID00000179,,,,,,,,,,,,,,,,,,,,,,,,0,error,ERROR: Unable to download video subtitles for 'en': HTTP Error 429: Too Many Requests
VID00000180,Demo video 180,UCDEMOCHANNEL00000150,Demo channel 150,Demo channel 150,57,182398,2549,446,15847,20200527,1590537600,https://www.youtube.com/watch?v=VID00000180,"[""Demo category""]","[""demo tag 147""]",en,1080x1920,1080,1920,30,0.56,en,en,en,1,ok,
VID00000182,Demo video 182,UCDEMOCHANNEL00000096,Demo channel 096,Demo channel 096,2116,183632,2566,449,15948,20200528,1590624000,https://www.youtube.com/watch?v=VID00000182,"[""Demo category""]","[""demo tag 148""]",en,1920x1080,1920,1080,30,1.78,en,en,en,1,ok,
VID00000183,Demo video 183,UCDEMOCHANNEL00000033,Demo channel 033,Demo channel 033,2153,184866,2583,452,16049,20200529,1590710400,https://www.youtube.com/watch?v=VID00000183,"[""Demo category""]","[""demo tag 149""]",en,1920x1080,1920,1080,30,1.78,en,en,en,1,ok,
VID00000184,Demo video 184,UCDEMOCHANNEL00000148,Demo channel 148,Demo channel 148,2190,186100,2600,455,16150,20200530,1590796800,https://www.youtube.com/watch?v=VID00000184,"[""Demo category""]","[""demo tag 150""]",en,1920x1080,1920,1080,30,1.78,en,en,en,1,ok,
VID00000185,Demo video 185,UCDEMOCHANNEL00000134,Demo channel 134,Demo channel 134,2227,187334,2617,458,16251,20200531,1590883200,https://www.youtube.com/watch?v=VID00000185,"[""Demo category""]","[""demo tag 151""]",en,1920x1080,1920,1080,30,1.78,en,en,en,1,ok,
VID00000186,Demo video 186,UCDEMOCHANNEL00000084,Demo channel 084,Demo channel 084,2264,188568,2634,461,16352,20200601,1590969600,https://www.youtube.com/watch?v=VID00000186,"[""Demo category""]","[""demo tag 152""]",en,1920x1080,1920,1080,30,1.78,en,en,en,1,ok,
VID00000187,Demo video 187,UCDEMOCHANNEL00000057,Demo channel 057,Demo channel 057,2301,189802,2651,464,16453,20200602,1591056000,https://www.youtube.com/watch?v=VID00000187,"[""Demo category""]","[""demo tag 153""]",en,1920x1080,1920,1080,30,1.78,en,en,en,1,ok,
VID00000189,Demo video 189,UCDEMOCHANNEL00000180,Demo channel 180,Demo channel 180,2338,191036,2668,467,16554,20200603,1591142400,https://www.youtube.com/watch?v=VID00000189,"[""Demo category""]","[""demo tag 154""]",en,1920x1080,1920,1080,30,1.78,en,en,en,1,ok,
VID00000190,Demo video 190,UCDEMOCHANNEL00000128,Demo channel 128,Demo channel 128,2375,192270,2685,470,16655,20200604,1591228800,https://www.youtube.com/watch?v=VID00000190,"[""Demo category""]","[""demo tag 155""]",en,1920x1080,1920,1080,30,1.78,en,en,en,1,ok,
VID00000191,Demo video 191,UCDEMOCHANNEL00000109,Demo channel 109,Demo channel 109,2412,193504,2702,473,16756,20200605,1591315200,https://www.youtube.com/watch?v=VID00000191,"[""Demo category""]","[""demo tag 156""]",en,1920x1080,1920,1080,30,1.78,en,en,en,1,ok,
VID00000192,Demo video 192,UCDEMOCHANNEL00000017,Demo channel 017,Demo channel 017,2449,194738,2719,476,16857,20200606,1591401600,https://www.youtube.com/watch?v=VID00000192,"[""Demo category""]","[""demo tag 157""]",en,1920x1080,1920,1080,30,1.78,en,en,en,1,ok,
VID00000193,Demo video 193,UCDEMOCHANNEL00000053,Demo channel 053,Demo channel 053,2486,195972,2736,479,16958,20200607,1591488000,https://www.youtube.com/watch?v=VID00000193,"[""Demo category""]","[""demo tag 158""]",en,1920x1080,1920,1080,30,1.78,en,en,en,1,ok,
VID00000194,Demo video 194,UCDEMOCHANNEL00000100,Demo channel 100,Demo channel 100,2523,197206,2753,482,17059,20200608,1591574400,https://www.youtube.com/watch?v=VID00000194,"[""Demo category""]","[""demo tag 159""]",en,1920x1080,1920,1080,30,1.78,en,en,en,1,ok,
VID00000195,Demo video 195,UCDEMOCHANNEL00000116,Demo channel 116,Demo channel 116,70,198440,2770,485,17160,20200609,1591660800,https://www.youtube.com/watch?v=VID00000195,"[""Demo category""]","[""demo tag 160""]",en,1080x1920,1080,1920,30,0.56,en,en,en,1,ok,
VID00000196,Demo video 196,UCDEMOCHANNEL00000037,Demo channel 037,Demo channel 037,2597,199674,2787,488,17261,20200610,1591747200,https://www.youtube.com/watch?v=VID00000196,"[""Demo category""]","[""demo tag 161""]",en,1920x1080,1920,1080,30,1.78,en,en,en,1,ok,
VID00000197,Demo video 197,UCDEMOCHANNEL00000103,Demo channel 103,Demo channel 103,2634,200908,2804,491,17362,20200611,1591833600,https://www.youtube.com/watch?v=VID00000197,"[""Demo category""]","[""demo tag 162""]",en,1920x1080,1920,1080,30,1.78,en,en,en,1,ok,
VID00000199,Demo video 199,UCDEMOCHANNEL00000039,Demo channel 039,Demo channel 039,2671,202142,2821,494,17463,20200612,1591920000,https://www.youtube.com/watch?v=VID00000199,"[""Demo category""]","[""demo tag 163""]",en,1920x1080,1920,1080,30,1.78,en,en,en,1,ok,
VID00000201,Demo video 201,UCDEMOCHANNEL00000181,Demo channel 181,Demo channel 181,2708,203376,2838,497,17564,20200613,1592006400,https://www.youtube.com/watch?v=VID00000201,"[""Demo category""]","[""demo tag 164""]",en,1920x1080,1920,1080,30,1.78,en,en,en,1,ok,
VID00000202,Demo video 202,UCDEMOCHANNEL00000042,Demo channel 042,Demo channel 042,2745,204610,2855,500,17665,20200614,1592092800,https://www.youtube.com/watch?v=VID00000202,"[""Demo category""]","[""demo tag 165""]",en,1920x1080,1920,1080,30,1.78,en,en,en,1,ok,
VID00000203,Demo video 203,UCDEMOCHANNEL00000078,Demo channel 078,Demo channel 078,2782,205844,2872,503,17766,20200615,1592179200,https://www.youtube.com/watch?v=VID00000203,"[""Demo category""]","[""demo tag 166""]",en,1920x1080,1920,1080,30,1.78,en,en,en,1,ok,
VID00000204,Demo video 204,UCDEMOCHANNEL00000172,Demo channel 172,Demo channel 172,2819,207078,2889,506,17867,20200616,1592265600,https://www.youtube.com/watch?v=VID00000204,"[""Demo category""]","[""demo tag 167""]",en,1920x1080,1920,1080,30,1.78,en,en,en,1,ok,
VID00000206,Demo video 206,UCDEMOCHANNEL00000064,Demo channel 064,Demo channel 064,2856,208312,2906,509,17968,20200617,1592352000,https://www.youtube.com/watch?v=VID00000206,"[""Demo category""]","[""demo tag 168""]",en,1920x1080,1920,1080,30,1.78,en,en,en,1,ok,
VID00000207,Demo video 207,UCDEMOCHANNEL00000143,Demo channel 143,Demo channel 143,79,209546,2923,512,18069,20200618,1592438400,https://www.youtube.com/watch?v=VID00000207,"[""Demo category""]","[""demo tag 169""]",en,1080x1920,1080,1920,30,0.56,en,en,en,1,ok,
VID00000211,Demo video 211,UCDEMOCHANNEL00000104,Demo channel 104,Demo channel 104,2930,210780,2940,515,18170,20200619,1592524800,https://www.youtube.com/watch?v=VID00000211,"[""Demo category""]","[""demo tag 170""]",en,1920x1080,1920,1080,30,1.78,en,en,en,1,ok,
VID00000212,,,,,,,,,,,,,,,,,,,,,,,,0,error,ERROR: Unable to download video subtitles for 'en': HTTP Error 429: Too Many Requests
VID00000213,Demo video 213,UCDEMOCHANNEL00000067,Demo channel 067,Demo channel 067,3004,213248,2974,521,18372,20200621,1592697600,https://www.youtube.com/watch?v=VID00000213,"[""Demo category""]","[""demo tag 172""]",en,1920x1080,1920,1080,30,1.78,en,en,en,1,ok,
VID00000214,Demo video 214,UCDEMOCHANNEL00000019,Demo channel 019,Demo channel 019,3041,214482,2991,524,18473,20200622,1592784000,https://www.youtube.com/watch?v=VID00000214,"[""Demo category""]","[""demo tag 173""]",en,1920x1080,1920,1080,30,1.78,en,en,en,1,ok,
VID00000215,Demo video 215,UCDEMOCHANNEL00000047,Demo channel 047,Demo channel 047,3078,215716,3008,527,18574,20200623,1592870400,https://www.youtube.com/watch?v=VID00000215,"[""Demo category""]","[""demo tag 174""]",en,1920x1080,1920,1080,30,1.78,en,en,en,1,ok,
VID00000217,Demo video 217,UCDEMOCHANNEL00000112,Demo channel 112,Demo channel 112,3115,216950,3025,530,18675,20200624,1592956800,https://www.youtube.com/watch?v=VID00000217,"[""Demo category""]","[""demo tag 175""]",en,1920x1080,1920,1080,30,1.78,en,en,en,1,ok,
VID00000219,Demo video 219,UCDEMOCHANNEL00000133,Demo channel 133,Demo channel 133,3152,218184,3042,533,18776,20200625,1593043200,https://www.youtube.com/watch?v=VID00000219,"[""Demo category""]","[""demo tag 176""]",en,1920x1080,1920,1080,30,1.78,en,en,en,1,ok,
VID00000220,,,,,,,,,,,,,,,,,,,,,,,,0,error,ERROR: [youtube] VID00000220: Video unavailable. This video is no longer available because the YouTube account associated with this video has been terminated.
VID00000221,Demo video 221,UCDEMOCHANNEL00000089,Demo channel 089,Demo channel 089,3226,220652,3076,539,18978,20200627,1593216000,https://www.youtube.com/watch?v=VID00000221,"[""Demo category""]","[""demo tag 178""]",en,1920x1080,1920,1080,30,1.78,en,en,en,1,ok,
VID00000223,Demo video 223,UCDEMOCHANNEL00000005,Demo channel 005,Demo channel 005,3263,221886,3093,542,19079,20200628,1593302400,https://www.youtube.com/watch?v=VID00000223,"[""Demo category""]","[""demo tag 179""]",en,1920x1080,1920,1080,30,1.78,en,en,en,1,ok,
VID00000224,Demo video 224,UCDEMOCHANNEL00000034,Demo channel 034,Demo channel 034,3300,223120,3110,545,19180,20200629,1593388800,https://www.youtube.com/watch?v=VID00000224,"[""Demo category""]","[""demo tag 180""]",en,1920x1080,1920,1080,30,1.78,en,en,en,1,ok,
VID00000225,Demo video 225,UCDEMOCHANNEL00000075,Demo channel 075,Demo channel 075,3337,224354,3127,548,19281,20200630,1593475200,https://www.youtube.com/watch?v=VID00000225,"[""Demo category""]","[""demo tag 181""]",en,1920x1080,1920,1080,30,1.78,en,en,en,1,ok,
VID00000226,Demo video 226,UCDEMOCHANNEL00000171,Demo channel 171,Demo channel 171,3374,225588,3144,551,19382,20200701,1593561600,https://www.youtube.com/watch?v=VID00000226,"[""Demo category""]","[""demo tag 182""]",en,1920x1080,1920,1080,30,1.78,en,en,en,1,ok,
VID00000227,Demo video 227,UCDEMOCHANNEL00000010,Demo channel 010,Demo channel 010,3411,226822,3161,554,19483,20200702,1593648000,https://www.youtube.com/watch?v=VID00000227,"[""Demo category""]","[""demo tag 183""]",en,1920x1080,1920,1080,30,1.78,en,en,en,1,ok,
VID00000228,Demo video 228,UCDEMOCHANNEL00000077,Demo channel 077,Demo channel 077,3448,228056,3178,557,19584,20200703,1593734400,https://www.youtube.com/watch?v=VID00000228,"[""Demo category""]","[""demo tag 184""]",en,1920x1080,1920,1080,30,1.78,en,en,en,1,ok,
VID00000229,Demo video 229,UCDEMOCHANNEL00000156,Demo channel 156,Demo channel 156,3485,229290,3195,560,19685,20200704,1593820800,https://www.youtube.com/watch?v=VID00000229,"[""Demo category""]","[""demo tag 185""]",en,1920x1080,1920,1080,30,1.78,en,en,en,1,ok,
VID00000230,Demo video 230,UCDEMOCHANNEL00000160,Demo channel 160,Demo channel 160,3522,230524,3212,563,19786,20200705,1593907200,https://www.youtube.com/watch?v=VID00000230,"[""Demo category""]","[""demo tag 186""]",en,1920x1080,1920,1080,30,1.78,en,en,en,1,ok,
VID00000231,Demo video 231,UCDEMOCHANNEL00000050,Demo channel 050,Demo channel 050,3559,231758,3229,566,19887,20200706,1593993600,https://www.youtube.com/watch?v=VID00000231,"[""Demo category""]","[""demo tag 187""]",en,1920x1080,1920,1080,30,1.78,en,en,en,1,ok,
VID00000232,,,,,,,,,,,,,,,,,,,,,,,,0,error,ERROR: [youtube] VID00000232: Video unavailable
VID00000233,Demo video 233,UCDEMOCHANNEL00000007,Demo channel 007,Demo channel 007,3633,234226,3263,572,20089,20200708,1594166400,https://www.youtube.com/watch?v=VID00000233,"[""Demo category""]","[""demo tag 189""]",en,1920x1080,1920,1080,30,1.78,en,en,en,1,ok,
VID00000235,Demo video 235,UCDEMOCHANNEL00000052,Demo channel 052,Demo channel 052,3670,235460,3280,575,20190,20200709,1594252800,https://www.youtube.com/watch?v=VID00000235,"[""Demo category""]","[""demo tag 190""]",en,1920x1080,1920,1080,30,1.78,en,en,en,1,ok,
VID00000236,,,,,,,,,,,,,,,,,,,,,,,,0,error,ERROR: [youtube] VID00000236: Video unavailable
VID00000237,Demo video 237,UCDEMOCHANNEL00000036,Demo channel 036,Demo channel 036,3744,237928,3314,581,20392,20200711,1594425600,https://www.youtube.com/watch?v=VID00000237,"[""Demo category""]","[""demo tag 192""]",en,1920x1080,1920,1080,30,1.78,en,en,en,1,ok,
VID00000239,,,,,,,,,,,,,,,,,,,,,,,,0,error,ERROR: [youtube] VID00000239: Video unavailable. This video is no longer available because the YouTube account associated with this video has been terminated.
VID00000240,Demo video 240,UCDEMOCHANNEL00000026,Demo channel 026,Demo channel 026,3818,240396,3348,587,20594,20200713,1594598400,https://www.youtube.com/watch?v=VID00000240,"[""Demo category""]","[""demo tag 194""]",en,1920x1080,1920,1080,30,1.78,en,en,en,1,ok,
VID00000241,Demo video 241,UCDEMOCHANNEL00000101,Demo channel 101,Demo channel 101,255,241630,3365,590,20695,20200714,1594684800,https://www.youtube.com/watch?v=VID00000241,"[""Demo category""]","[""demo tag 195""]",en,1920x1080,1920,1080,30,1.78,en,en,en,1,ok,
VID00000242,Demo video 242,UCDEMOCHANNEL00000078,Demo channel 078,Demo channel 078,292,242864,3382,593,20796,20200715,1594771200,https://www.youtube.com/watch?v=VID00000242,"[""Demo category""]","[""demo tag 196""]",en,1920x1080,1920,1080,30,1.78,en,en,en,1,ok,
VID00000243,Demo video 243,UCDEMOCHANNEL00000017,Demo channel 017,Demo channel 017,329,244098,3399,596,20897,20200716,1594857600,https://www.youtube.com/watch?v=VID00000243,"[""Demo category""]","[""demo tag 197""]",en,1920x1080,1920,1080,30,1.78,en,en,en,1,ok,
VID00000244,,,,,,,,,,,,,,,,,,,,,,,,0,error,ERROR: Unable to download video subtitles for 'en': HTTP Error 429: Too Many Requests
VID00000245,Demo video 245,UCDEMOCHANNEL00000078,Demo channel 078,Demo channel 078,403,246566,3433,602,21099,20200718,1595030400,https://www.youtube.com/watch?v=VID00000245,"[""Demo category""]","[""demo tag 199""]",en,1920x1080,1920,1080,30,1.78,en,en,en,1,ok,
VID00000246,,,,,,,,,,,,,,,,,,,,,,,,0,error,"ERROR: [youtube] VID00000246: Video unavailable. This video contains content from SME, who has blocked it in your country on copyright grounds"
VID00000247,Demo video 247,UCDEMOCHANNEL00000113,Demo channel 113,Demo channel 113,477,249034,3467,608,21301,20200720,1595203200,https://www.youtube.com/watch?v=VID00000247,"[""Demo category""]","[""demo tag 201""]",en,1920x1080,1920,1080,30,1.78,en,en,en,1,ok,
VID00000248,,,,,,,,,,,,,,,,,,,,,,,,0,error,ERROR: [youtube] VID00000248: Video unavailable
VID00000249,Demo video 249,UCDEMOCHANNEL00000009,Demo channel 009,Demo channel 009,551,251502,3501,614,21503,20200722,1595376000,https://www.youtube.com/watch?v=VID00000249,"[""Demo category""]","[""demo tag 203""]",en,1920x1080,1920,1080,30,1.78,en,en,en,1,ok,
VID00000250,Demo video 250,UCDEMOCHANNEL00000182,Demo channel 182,Demo channel 182,588,252736,3518,617,21604,20200723,1595462400,https://www.youtube.com/watch?v=VID00000250,"[""Demo category""]","[""demo tag 204""]",en,1920x1080,1920,1080,30,1.78,en,en,en,1,ok,
VID00000251,Demo video 251,UCDEMOCHANNEL00000025,Demo channel 025,Demo channel 025,115,253970,3535,620,21705,20200724,1595548800,https://www.youtube.com/watch?v=VID00000251,"[""Demo category""]","[""demo tag 205""]",en,1080x1920,1080,1920,30,0.56,en,en,en,1,ok,
VID00000252,Demo video 252,UCDEMOCHANNEL00000062,Demo channel 062,Demo channel 062,662,255204,3552,623,21806,20200725,1595635200,https://www.youtube.com/watch?v=VID00000252,"[""Demo category""]","[""demo tag 206""]",en,1920x1080,1920,1080,30,1.78,en,en,en,1,ok,
VID00000253,,,,,,,,,,,,,,,,,,,,,,,,0,error,ERROR: [youtube] VID00000253: This video is not available
VID00000254,Demo video 254,UCDEMOCHANNEL00000125,Demo channel 125,Demo channel 125,736,257672,3586,629,22008,20200727,1595808000,https://www.youtube.com/watch?v=VID00000254,"[""Demo category""]","[""demo tag 208""]",en,1920x1080,1920,1080,30,1.78,en,en,en,1,ok,
VID00000255,Demo video 255,UCDEMOCHANNEL00000112,Demo channel 112,Demo channel 112,773,258906,3603,632,22109,20200728,1595894400,https://www.youtube.com/watch?v=VID00000255,"[""Demo category""]","[""demo tag 209""]",en,1920x1080,1920,1080,30,1.78,en,en,en,1,ok,
VID00000256,Demo video 256,UCDEMOCHANNEL00000059,Demo channel 059,Demo channel 059,810,260140,3620,635,22210,20200729,1595980800,https://www.youtube.com/watch?v=VID00000256,"[""Demo category""]","[""demo tag 210""]",en,1920x1080,1920,1080,30,1.78,en,en,en,1,ok,
VID00000257,,,,,,,,,,,,,,,,,,,,,,,,0,error,ERROR: Unable to download video subtitles for 'en': HTTP Error 429: Too Many Requests
VID00000258,,,,,,,,,,,,,,,,,,,,,,,,0,error,ERROR: Unable to download video subtitles for 'en': HTTP Error 429: Too Many Requests
VID00000259,Demo video 259,UCDEMOCHANNEL00000043,Demo channel 043,Demo channel 043,921,263842,3671,644,22513,20200801,1596240000,https://www.youtube.com/watch?v=VID00000259,"[""Demo category""]","[""demo tag 213""]",en,1920x1080,1920,1080,30,1.78,en,en,en,1,ok,
VID00000260,Demo video 260,UCDEMOCHANNEL00000011,Demo channel 011,Demo channel 011,958,265076,3688,647,22614,20200802,1596326400,https://www.youtube.com/watch?v=VID00000260,"[""Demo category""]","[""demo tag 214""]",en,1920x1080,1920,1080,30,1.78,en,en,en,1,ok,
VID00000261,Demo video 261,UCDEMOCHANNEL00000030,Demo channel 030,Demo channel 030,995,266310,3705,650,22715,20200803,1596412800,https://www.youtube.com/watch?v=VID00000261,"[""Demo category""]","[""demo tag 215""]",en,1920x1080,1920,1080,30,1.78,en,en,en,1,ok,
VID00000262,Demo video 262,UCDEMOCHANNEL00000011,Demo channel 011,Demo channel 011,1032,267544,3722,653,22816,20200804,1596499200,https://www.youtube.com/watch?v=VID00000262,"[""Demo category""]","[""demo tag 216""]",en,1920x1080,1920,1080,30,1.78,en,en,en,1,ok,
VID00000263,Demo video 263,UCDEMOCHANNEL00000115,Demo channel 115,Demo channel 115,1069,268778,3739,656,22917,20200805,1596585600,https://www.youtube.com/watch?v=VID00000263,"[""Demo category""]","[""demo tag 217""]",en,1920x1080,1920,1080,30,1.78,en,en,en,1,ok,
VID00000264,Demo video 264,UCDEMOCHANNEL00000105,Demo channel 105,Demo channel 105,1106,270012,3756,659,23018,20200806,1596672000,https://www.youtube.com/watch?v=VID00000264,"[""Demo category""]","[""demo tag 218""]",en,1920x1080,1920,1080,30,1.78,en,en,en,1,ok,
VID00000265,Demo video 265,UCDEMOCHANNEL00000114,Demo channel 114,Demo channel 114,1143,271246,3773,662,23119,20200807,1596758400,https://www.youtube.com/watch?v=VID00000265,"[""Demo category""]","[""demo tag 219""]",en,1920x1080,1920,1080,30,1.78,en,en,en,1,ok,
VID00000267,Demo video 267,UCDEMOCHANNEL00000070,Demo channel 070,Demo channel 070,1180,272480,3790,665,23220,20200808,1596844800,https://www.youtube.com/watch?v=VID00000267,"[""Demo category""]","[""demo tag 220""]",en,1920x1080,1920,1080,30,1.78,en,en,en,1,ok,
VID00000270,Demo video 270,UCDEMOCHANNEL00000162,Demo channel 162,Demo channel 162,1217,273714,3807,668,23321,20200809,1596931200,https://www.youtube.com/watch?v=VID00000270,"[""Demo category""]","[""demo tag 221""]",en,1920x1080,1920,1080,30,1.78,en,en,en,1,ok,
VID00000271,Demo video 271,UCDEMOCHANNEL00000129,Demo channel 129,Demo channel 129,1254,274948,3824,671,23422,20200810,1597017600,https://www.youtube.com/watch?v=VID00000271,"[""Demo category""]","[""demo tag 222""]",en,1920x1080,1920,1080,30,1.78,en,en,en,1,ok,
VID00000272,Demo video 272,UCDEMOCHANNEL00000078,Demo channel 078,Demo channel 078,1291,276182,3841,674,23523,20200811,1597104000,https://www.youtube.com/watch?v=VID00000272,"[""Demo category""]","[""demo tag 223""]",en,1920x1080,1920,1080,30,1.78,en,en,en,1,ok,
VID00000274,,,,,,,,,,,,,,,,,,,,,,,,0,error,ERROR: Unable to download video subtitles for 'en': HTTP Error 429: Too Many Requests
VID00000276,Demo video 276,UCDEMOCHANNEL00000076,Demo channel 076,Demo channel 076,1365,278650,3875,680,23725,20200813,1597276800,https://www.youtube.com/watch?v=VID00000276,"[""Demo category""]","[""demo tag 225""]",en,1920x1080,1920,1080,30,1.78,en,en,en,1,ok,
VID00000277,Demo video 277,UCDEMOCHANNEL00000014,Demo channel 014,Demo channel 014,1402,279884,3892,683,23826,20200814,1597363200,https://www.youtube.com/watch?v=VID00000277,"[""Demo category""]","[""demo tag 226""]",en,1920x1080,1920,1080,30,1.78,en,en,en,1,ok,
VID00000278,Demo video 278,UCDEMOCHANNEL00000044,Demo channel 044,Demo channel 044,1439,281118,3909,686,23927,20200815,1597449600,https://www.youtube.com/watch?v=VID00000278,"[""Demo category""]","[""demo tag 227""]",en,1920x1080,1920,1080,30,1.78,en,en,en,1,ok,
VID00000279,Demo video 279,UCDEMOCHANNEL00000111,Demo channel 111,Demo channel 111,1476,282352,3926,689,24028,20200816,1597536000,https://www.youtube.com/watch?v=VID00000279,"[""Demo category""]","[""demo tag 228""]",en,1920x1080,1920,1080,30,1.78,en,en,en,1,ok,
VID00000282,Demo video 282,UCDEMOCHANNEL00000168,Demo channel 168,Demo channel 168,1513,283586,3943,692,24129,20200817,1597622400,https://www.youtube.com/watch?v=VID00000282,"[""Demo category""]","[""demo tag 229""]",en,1920x1080,1920,1080,30,1.78,en,en,en,1,ok,
VID00000283,Demo video 283,UCDEMOCHANNEL00000153,Demo channel 153,Demo channel 153,1550,284820,3960,695,24230,20200818,1597708800,https://www.youtube.com/watch?v=VID00000283,"[""Demo category""]","[""demo tag 230""]",en,1920x1080,1920,1080,30,1.78,en,en,en,1,ok,
VID00000284,Demo video 284,UCDEMOCHANNEL00000159,Demo channel 159,Demo channel 159,141,286054,3977,698,24331,20200819,1597795200,https://www.youtube.com/watch?v=VID00000284,"[""Demo category""]","[""demo tag 231""]",en,1080x1920,1080,1920,30,0.56,en,en,en,1,ok,
VID00000285,Demo video 285,UCDEMOCHANNEL00000144,Demo channel 144,Demo channel 144,1624,287288,3994,701,24432,20200820,1597881600,https://www.youtube.com/watch?v=VID00000285,"[""Demo category""]","[""demo tag 232""]",en,1920x1080,1920,1080,30,1.78,en,en,en,1,ok,
VID00000286,,,,,,,,,,,,,,,,,,,,,,,,0,error,ERROR: Unable to download video subtitles for 'en': HTTP Error 429: Too Many Requests
VID00000287,Demo video 287,UCDEMOCHANNEL00000078,Demo channel 078,Demo channel 078,1698,289756,4028,707,24634,20200822,1598054400,https://www.youtube.com/watch?v=VID00000287,"[""Demo category""]","[""demo tag 234""]",en,1920x1080,1920,1080,30,1.78,en,en,en,1,ok,
VID00000288,,,,,,,,,,,,,,,,,,,,,,,,0,error,ERROR: Unable to download video subtitles for 'en': HTTP Error 429: Too Many Requests
VID00000289,Demo video 289,UCDEMOCHANNEL00000124,Demo channel 124,Demo channel 124,1772,292224,4062,713,24836,20200824,1598227200,https://www.youtube.com/watch?v=VID00000289,"[""Demo category""]","[""demo tag 236""]",en,1920x1080,1920,1080,30,1.78,en,en,en,1,ok,
VID00000290,,,,,,,,,,,,,,,,,,,,,,,,0,error,ERROR: [youtube] VID00000290: Video unavailable
VID00000291,Demo video 291,UCDEMOCHANNEL00000158,Demo channel 158,Demo channel 158,1846,294692,4096,719,25038,20200826,1598400000,https://www.youtube.com/watch?v=VID00000291,"[""Demo category""]","[""demo tag 238""]",en,1920x1080,1920,1080,30,1.78,en,en,en,1,ok,
VID00000292,Demo video 292,UCDEMOCHANNEL00000141,Demo channel 141,Demo channel 141,1883,295926,4113,722,25139,20200827,1598486400,https://www.youtube.com/watch?v=VID00000292,"[""Demo category""]","[""demo tag 239""]",en,1920x1080,1920,1080,30,1.78,en,en,en,1,ok,
VID00000293,Demo video 293,UCDEMOCHANNEL00000110,Demo channel 110,Demo channel 110,1920,297160,4130,725,25240,20200828,1598572800,https://www.youtube.com/watch?v=VID00000293,"[""Demo category""]","[""demo tag 240""]",en,1920x1080,1920,1080,30,1.78,en,en,en,1,ok,
VID00000295,Demo video 295,UCDEMOCHANNEL00000046,Demo channel 046,Demo channel 046,1957,298394,4147,728,25341,20200829,1598659200,https://www.youtube.com/watch?v=VID00000295,"[""Demo category""]","[""demo tag 241""]",en,1920x1080,1920,1080,30,1.78,en,en,en,1,ok,
VID00000296,Demo video 296,UCDEMOCHANNEL00000171,Demo channel 171,Demo channel 171,1994,299628,4164,731,25442,20200830,1598745600,https://www.youtube.com/watch?v=VID00000296,"[""Demo category""]","[""demo tag 242""]",en,1920x1080,1920,1080,30,1.78,en,en,en,1,ok,
VID00000297,Demo video 297,UCDEMOCHANNEL00000069,Demo channel 069,Demo channel 069,2031,300862,4181,734,25543,20200831,1598832000,https://www.youtube.com/watch?v=VID00000297,"[""Demo category""]","[""demo tag 243""]",en,1920x1080,1920,1080,30,1.78,en,en,en,1,ok,
VID00000298,Demo video 298,UCDEMOCHANNEL00000037,Demo channel 037,Demo channel 037,2068,302096,4198,737,25644,20200901,1598918400,https://www.youtube.com/watch?v=VID00000298,"[""Demo category""]","[""demo tag 244""]",en,1920x1080,1920,1080,30,1.78,en,en,en,1,ok,
VID00000299,,,,,,,,,,,,,,,,,,,,,,,,0,error,ERROR: [youtube] VID00000299: Private video. Sign in if you've been granted access to this video. Use --cookies-from-browser or --cookies for the authentication. See  https://github.com/yt-dlp/yt-dlp/wiki/FAQ#how-do-i-pass-cookies-to-yt-dlp  for how to manually pass cookies. Also see  https://github.com/yt-dlp/yt-dlp/wiki/Extractors#exporting-youtube-cookies  for tips on effectively exporting YouTube cookies
VID00000300,Demo video 300,UCDEMOCHANNEL00000166,Demo channel 166,Demo channel 166,2142,304564,4232,743,25846,20200903,1599091200,https://www.youtube.com/watch?v=VID00000300,"[""Demo category""]","[""demo tag 246""]",en,1920x1080,1920,1080,30,1.78,en,en,en,1,ok,
VID00000303,Demo video 303,UCDEMOCHANNEL00000102,Demo channel 102,Demo channel 102,2179,305798,4249,746,25947,20200904,1599177600,https://www.youtube.com/watch?v=VID00000303,"[""Demo category""]","[""demo tag 247""]",en,1920x1080,1920,1080,30,1.78,en,en,en,1,ok,
VID00000304,Demo video 304,UCDEMOCHANNEL00000032,Demo channel 032,Demo channel 032,2216,307032,4266,749,26048,20200905,1599264000,https://www.youtube.com/watch?v=VID00000304,"[""Demo category""]","[""demo tag 248""]",en,1920x1080,1920,1080,30,1.78,en,en,en,1,ok,
VID00000305,Demo video 305,UCDEMOCHANNEL00000078,Demo channel 078,Demo channel 078,2253,308266,4283,752,26149,20200906,1599350400,https://www.youtube.com/watch?v=VID00000305,"[""Demo category""]","[""demo tag 249""]",en,1920x1080,1920,1080,30,1.78,en,en,en,1,ok,
VID00000306,Demo video 306,UCDEMOCHANNEL00000155,Demo channel 155,Demo channel 155,40,309500,4300,755,26250,20200907,1599436800,https://www.youtube.com/watch?v=VID00000306,"[""Demo category""]","[""demo tag 250""]",en,1080x1920,1080,1920,30,0.56,en,en,en,1,ok,
VID00000307,Demo video 307,UCDEMOCHANNEL00000123,Demo channel 123,Demo channel 123,2327,310734,4317,758,26351,20200908,1599523200,https://www.youtube.com/watch?v=VID00000307,"[""Demo category""]","[""demo tag 251""]",en,1920x1080,1920,1080,30,1.78,en,en,en,1,ok,
VID00000308,Demo video 308,UCDEMOCHANNEL00000171,Demo channel 171,Demo channel 171,2364,311968,4334,761,26452,20200909,1599609600,https://www.youtube.com/watch?v=VID00000308,"[""Demo category""]","[""demo tag 252""]",en,1920x1080,1920,1080,30,1.78,en,en,en,1,ok,
VID00000309,Demo video 309,UCDEMOCHANNEL00000119,Demo channel 119,Demo channel 119,2401,313202,4351,764,26553,20200910,1599696000,https://www.youtube.com/watch?v=VID00000309,"[""Demo category""]","[""demo tag 253""]",en,1920x1080,1920,1080,30,1.78,en,en,en,1,ok,
VID00000311,Demo video 311,UCDEMOCHANNEL00000120,Demo channel 120,Demo channel 120,2438,314436,4368,767,26654,20200911,1599782400,https://www.youtube.com/watch?v=VID00000311,"[""Demo category""]","[""demo tag 254""]",en,1920x1080,1920,1080,30,1.78,en,en,en,1,ok,
VID00000313,,,,,,,,,,,,,,,,,,,,,,,,0,error,ERROR: Unable to download video subtitles for 'en': HTTP Error 429: Too Many Requests
